tienda,pais,moneda,categoria,producto,clave_canonica,precio_raw,precio_usd,precio_eur,precio_brl,precio_mxn,precio_gbp,url_producto,fecha_extraccion,fecha_staging
CompuGamer,Ecuador,USD,CPU,"Procesador Intel Core Ultra 7 265 con Intel Graphics, LGA 1851, 5.3GHz, 20 Núcleos, 30MB Caché, Incluye Disipador – 2da. Generación Arrow Lake",core ultra 7 265,"$440,00 El precio original era: $440,00. $425,00 El precio actual es: $425,00. IVA INCLUIDO",425.0,372.61,2194.66,7427.04,321.24,https://www.compugamer.com.ec/gamers/producto/ulltra7265/,2026-06-30,2026-08-05
CompuGamer,Ecuador,USD,CPU,"Procesador AMD Ryzen 5 5600GT con AMD Radeon Graphics, Socket AM4, 4.60GHz, 6 Núcleos, 16MB Caché – Incluye Disipador",ryzen 5 5600gt,"$210,00 El precio original era: $210,00. $199,00 El precio actual es: $199,00. IVA INCLUIDO",199.0,174.47,1027.62,3477.6,150.42,https://www.compugamer.com.ec/gamers/producto/procesador-amd-ryzen-5-5600gt-con-amd-radeon-graphics-socket-am4-4-60ghz-6-nucleos-16mb-cache-incluye-disipador/,2026-06-30,2026-08-05
CompuGamer,Ecuador,USD,CPU,"Procesador AMD Ryzen 7 8700G con AMD Radeon Graphics, Socket AM5, 5.10GHz, 8 Núcleos, 24MB Caché – Incluye Disipador",ryzen 7 8700g,"$325,00 El precio original era: $325,00. $315,00 El precio actual es: $315,00. IVA INCLUIDO",315.0,276.17,1626.63,5504.75,238.1,https://www.compugamer.com.ec/gamers/producto/procesador-amd-ryzen-7-8700g-con-amd-radeon-graphics-socket-am5-5-10ghz-8-nucleos-24mb-cache-incluye-disipador/,2026-06-30,2026-08-05
CompuGamer,Ecuador,USD,CPU,"Procesador AMD Ryzen 7 8700F, Socket AM5, 5GHz, 8 Núcleos, 16MB Caché – Incluye Disipador",ryzen 7 8700f,"$350,00 El precio original era: $350,00. $325,00 El precio actual es: $325,00. IVA INCLUIDO",325.0,284.94,1678.27,5679.5,245.66,https://www.compugamer.com.ec/gamers/producto/procesador-amd-ryzen-7-8700f-socket-am5-5ghz-8-nucleos-16mb-cache-incluye-disipador/,2026-06-30,2026-08-05
CompuGamer,Ecuador,USD,CPU,"Procesador Intel Core i5-14400 con Intel UHD Graphics 730, LGA 1700, 4.70GHz, 10 Núcleos, 20MB Caché, Incluye Disipador – 14va. Generación Raptor Lake",core i5-14400,"$260,00 El precio original era: $260,00. $245,00 El precio actual es: $245,00. IVA INCLUIDO",245.0,214.8,1265.16,4281.47,185.19,https://www.compugamer.com.ec/gamers/producto/procesador-intel-core-i5-14400-con-intel-uhd-graphics-730-lga-1700-4-70ghz-10-nucleos-20mb-cache-incluye-disipador-14va-generacion-raptor-lake/,2026-06-30,2026-08-05
CompuGamer,Ecuador,USD,CPU,"Procesador AMD Ryzen 5 8500G con AMD Radeon Graphics, Socket AM5, 5GHz, 6 Núcleos, 16MB Caché – Incluye Disipador",ryzen 5 8500g,"$189,00 El precio original era: $189,00. $179,00 El precio actual es: $179,00. IVA INCLUIDO",179.0,156.93,924.34,3128.1,135.3,https://www.compugamer.com.ec/gamers/producto/procesador-amd-ryzen-5-8500g-con-amd-radeon-graphics-socket-am5-5ghz-6-nucleos-16mb-cache-incluye-disipador/,2026-06-30,2026-08-05
CompuGamer,Ecuador,USD,CPU,"Procesador Intel Core Ultra 9 285K con Intel Graphics, LGA 1851, 5.7GHz",core ultra 9 285k,"$980,00 El precio original era: $980,00. $950,00 El precio actual es: $950,00. IVA INCLUIDO",950.0,832.89,4905.7,16601.63,718.08,https://www.compugamer.com.ec/gamers/producto/ultra9285k/,2026-06-30,2026-08-05
CompuGamer,Ecuador,USD,CPU,"Procesador Intel Core Ultra 7 265K Intel Graphics, FCLGA1851, 5.50GHz",core ultra 7 265k,"$590,00 El precio original era: $590,00. $575,00 El precio actual es: $575,00. IVA INCLUIDO",575.0,504.12,2969.24,10048.36,434.63,https://www.compugamer.com.ec/gamers/producto/ultra7265k/,2026-06-30,2026-08-05
CompuGamer,Ecuador,USD,CPU,Procesador Intel Core Ultra 5 245K LGA 1851 14x,core ultra 5 245k,"$455,00 El precio original era: $455,00. $435,00 El precio actual es: $435,00. IVA INCLUIDO",435.0,381.38,2246.3,7601.8,328.8,https://www.compugamer.com.ec/gamers/producto/ultra5245/,2026-06-30,2026-08-05
CompuGamer,Ecuador,USD,CPU,"Tarjeta de Video Gigabyte AMD Radeon RX 9070 GAMING OC, 16GB 256-bit GDDR6, PCI Express 5.0",sin_clasificar,"$950,00 El precio original era: $950,00. $900,00 El precio actual es: $900,00. IVA INCLUIDO",900.0,789.06,4647.51,15727.86,680.28,https://www.compugamer.com.ec/gamers/producto/tarjeta-de-video-gigabyte-amd-radeon-rx-9070-gaming-oc-16gb-256-bit-gddr6-pci-express-5-0/,2026-06-30,2026-08-05
CompuGamer,Ecuador,USD,CPU,Mainbaord Asus Prime B860m-a socket 1851 intel,sin_clasificar,"$199,00 El precio original era: $199,00. $190,00 El precio actual es: $190,00. IVA INCLUIDO",190.0,166.58,981.14,3320.33,143.62,https://www.compugamer.com.ec/gamers/producto/mainbaord-asus-prime-b860m-a-socket-1851-intel/,2026-06-30,2026-08-05
CompuGamer,Ecuador,USD,GPU,"Tarjeta de Video Gigabyte NVIDIA GeForce RTX 5070 Ti GAMING OC, 16GB 256-bit GDDR7, PCI Express x16 5.0",rtx 5070 ti g,"$1.690,00 El precio original era: $1.690,00. $1.590,00 El precio actual es: $1.590,00. IVA INCLUIDO",1590.0,1394.0,8210.6,27785.89,1201.83,https://www.compugamer.com.ec/gamers/producto/rtx5070ti16gbgigabyte/,2026-06-30,2026-08-05
CompuGamer,Ecuador,USD,GPU,"Tarjeta de Video Gigabyte AMD Radeon RX 9070 GAMING OC, 16GB 256-bit GDDR6, PCI Express 5.0",rx 9070 gaming,"$950,00 El precio original era: $950,00. $900,00 El precio actual es: $900,00. IVA INCLUIDO",900.0,789.06,4647.51,15727.86,680.28,https://www.compugamer.com.ec/gamers/producto/tarjeta-de-video-gigabyte-amd-radeon-rx-9070-gaming-oc-16gb-256-bit-gddr6-pci-express-5-0/,2026-06-30,2026-08-05
CompuGamer,Ecuador,USD,GPU,"Tarjeta de Video ASUS NVIDIA GeForce RTX 5050 OC Edition, 8GB 128-bit GDDR6, PCI Express 5.0",rtx 5050,"$399,00 El precio original era: $399,00. $395,00 El precio actual es: $395,00. IVA INCLUIDO",395.0,346.31,2039.74,6902.78,298.57,https://www.compugamer.com.ec/gamers/producto/tarjeta-de-video-asus-nvidia-geforce-rtx-5050-oc-edition-8gb-128-bit-gddr6-pci-express-5-0/,2026-06-30,2026-08-05
CompuGamer,Ecuador,USD,GPU,"Tarjeta de Video ASUS NVIDIA RTX 5060 DUAL-RTX5060-O8G, 8GB 128-bit GDDR7, PCI Express 5.0",rtx 5060,"$499,00 El precio original era: $499,00. $480,00 El precio actual es: $480,00. IVA INCLUIDO",480.0,420.83,2478.67,8388.19,362.82,https://www.compugamer.com.ec/gamers/producto/dual50608gb/,2026-06-30,2026-08-05
CompuGamer,Ecuador,USD,RAM,Memoria RAM KINGSTON 16GB DDR5 5600MHz – DIMM – CL46 (KVR56U46BS8- 16),kingston 16gb ddr5 5600mhz,"$210,00 El precio original era: $210,00. $199,00 El precio actual es: $199,00. IVA INCLUIDO",199.0,174.47,1027.62,3477.6,150.42,https://www.compugamer.com.ec/gamers/producto/memoria-ram-kingston-16gb-ddr5-5600mhz-dimm-cl46-kcp556us8-16-kvr56u46bs8-16/,2026-06-30,2026-08-05
CompuGamer,Ecuador,USD,RAM,"Memoria RAM Crucial 16GB DDR5, 5600MHz, 16GB, PC",crucial 16gb ddr5 5600mhz,"$210,00 El precio original era: $210,00. $199,00 El precio actual es: $199,00. IVA INCLUIDO",199.0,174.47,1027.62,3477.6,150.42,https://www.compugamer.com.ec/gamers/producto/memoria-ram-crucial-16gb-ddr5-5600mhz-16gb-pc/,2026-06-30,2026-08-05
CompuGamer,Ecuador,USD,RAM,"Memoria RAM Kingston KCP548US8-16 DDR5, 4800MHz, 16GB, CL40, Verde",kingston 16gb ddr5 4800mhz,"$210,00 El precio original era: $210,00. $199,00 El precio actual es: $199,00. IVA INCLUIDO",199.0,174.47,1027.62,3477.6,150.42,https://www.compugamer.com.ec/gamers/producto/memoria-ram-kingston-kcp548us8-16-ddr5-4800mhz-16gb-cl40-verde/,2026-06-30,2026-08-05
CompuGamer,Ecuador,USD,RAM,Memoria RAM KINGSTON VALUERAM 32GB *DDR5* 6400MHZ – CL52 – CUDIMM (KVR64A52BD8-32) para PC,kingston 32gb ddr5 valueram 6400mhz,"$300,00 El precio original era: $300,00. $290,00 El precio actual es: $290,00. IVA INCLUIDO",290.0,254.25,1497.53,5067.87,219.2,https://www.compugamer.com.ec/gamers/producto/32gbddr5cudimm/,2026-06-30,2026-08-05
CompuGamer,Ecuador,USD,RAM,"Memoria RAM Mushkin DDR4, 3200MHz, 16GB PC",mushkin 16gb ddr4 3200mhz,"$199,00 El precio original era: $199,00. $189,00 El precio actual es: $189,00. IVA INCLUIDO",189.0,165.7,975.98,3302.85,142.86,https://www.compugamer.com.ec/gamers/producto/memoria-ram-mushkin-ddr4-3200mhz-16gb-pc16gbddr4-memoriaram16gbddr4/,2026-06-30,2026-08-05
CompuGamer,Ecuador,USD,RAM,"Memoria RAM Kingston 16GB DDR4, 3200MHz para PC",kingston 16gb ddr4 3200mhz,"$199,00 El precio original era: $199,00. $189,00 El precio actual es: $189,00. IVA INCLUIDO",189.0,165.7,975.98,3302.85,142.86,https://www.compugamer.com.ec/gamers/producto/16gbkins-16gb-ddr4/,2026-06-30,2026-08-05
CompuGamer,Ecuador,USD,RAM,"Memoria RAM Adata 16GB DDR4, 3200MHz para PC",adata 16gb ddr4 3200mhz,"$199,00 El precio original era: $199,00. $189,00 El precio actual es: $189,00. IVA INCLUIDO",189.0,165.7,975.98,3302.85,142.86,https://www.compugamer.com.ec/gamers/producto/16gbadata16gb-ddr4/,2026-06-30,2026-08-05
CompuGamer,Ecuador,USD,MONITOR,"Monitor Gamer LG UltraGear G4 LCD 23.8″, 1920×1080 Full HD, G-Sync/FreeSync, 144Hz, HDMI/DisplayPort, Negro Modelo 24G411A-B",lg 24g411a-b,"$210,00 El precio original era: $210,00. $195,00 El precio actual es: $195,00. IVA INCLUIDO",195.0,170.96,1006.96,3407.7,147.39,https://www.compugamer.com.ec/gamers/producto/monitor-gamer-lg-ultragear-g4-lcd-23-8-1920x1080-full-hd-g-sync-freesync-144hz-hdmi-displayport-negro-modelo-24g411a-b/,2026-06-30,2026-08-05
CompuGamer,Ecuador,USD,MONITOR,Monitor Teros Te-1914s 19.5″ 1600×900 5ms 220 Nits – Hdmi – Vga – Parlantes,teros te-1914s,"$115,00 El precio original era: $115,00. $110,00 El precio actual es: $110,00. IVA INCLUIDO",110.0,96.44,568.03,1922.29,83.15,https://www.compugamer.com.ec/gamers/producto/monitor-teros-te-1914s-19-5-1600x900-5ms-220-nits-hdmi-vga-parlantes/,2026-06-30,2026-08-05
CompuGamer,Ecuador,USD,MONITOR,"Monitor Gamer Curvo Gigabyte GS34WQCA LCD 34″, 3440×1440 Ultra Wide Quad HD, FreeSync, 120Hz, HDMI/DisplayPort, Negro",gigabyte gs34wqca,"$515,00 El precio original era: $515,00. $490,00 El precio actual es: $490,00. IVA INCLUIDO",490.0,429.6,2530.31,8562.95,370.38,https://www.compugamer.com.ec/gamers/producto/monitor-gamer-curvo-gigabyte-gs34wqca-lcd-34-3440x1440-ultra-wide-quad-hd-freesync-120hz-hdmi-displayport-negro/,2026-06-30,2026-08-05
CompuGamer,Ecuador,USD,MONITOR,"Monitor Gamer Gigabyte GS27FA LED 27″, 1920×1080 Full HD, 180Hz, HDMI/DisplayPort, Negro",gigabyte gs27fa,"$290,00 El precio original era: $290,00. $280,00 El precio actual es: $280,00. IVA INCLUIDO",280.0,245.48,1445.89,4893.11,211.64,https://www.compugamer.com.ec/gamers/producto/gs27fa/,2026-06-30,2026-08-05
CompuGamer,Ecuador,USD,MONITOR,MONITOR Indurama 32″ VORTIX Ultra VA FHD 1080p,sin_clasificar,"$399,00 El precio original era: $399,00. $380,00 El precio actual es: $380,00. IVA INCLUIDO",380.0,333.16,1962.28,6640.65,287.23,https://www.compugamer.com.ec/gamers/producto/monitor-indurama-32-vortix-ultra-va-fhd-1080p/,2026-06-30,2026-08-05
CompuGamer,Ecuador,USD,MONITOR,MONITOR Indurama 27″ VORTIX NOVA IPS FHD 1080p 120Hz HDMI DISPLAYPORT,sin_clasificar,"$189,00 El precio original era: $189,00. $179,00 El precio actual es: $179,00. IVA INCLUIDO",179.0,156.93,924.34,3128.1,135.3,https://www.compugamer.com.ec/gamers/producto/monitor-indurama-27-vortix-nova-ips-fhd-1080p-120hz/,2026-06-30,2026-08-05
CompuGamer,Ecuador,USD,MONITOR,MONITOR LG 19.5″ HD+ 1600×900 – LED TN – 75Hz – 5ms (GTG) – HDMI/VGA – NEGRO Modelo 20u401a,lg 20u401a,"$1.010,00 El precio original era: $1.010,00. $99,00 El precio actual es: $99,00. IVA INCLUIDO",99.0,86.8,511.23,1730.06,74.83,https://www.compugamer.com.ec/gamers/producto/monitor20u401a/,2026-06-30,2026-08-05
CompuGamer,Ecuador,USD,MONITOR,Monitor HD LG 19.5″ 20MK40L 75Hz LED HDMI VGA 1366 x 768,lg 20mk40l,"$110,00 El precio original era: $110,00. $99,00 El precio actual es: $99,00. IVA INCLUIDO",99.0,86.8,511.23,1730.06,74.83,https://www.compugamer.com.ec/gamers/producto/monitor20mk40l/,2026-06-30,2026-08-05
CompuGamer,Ecuador,USD,MONITOR,MONITOR RCA W2427SG 23.8″ FHD (1920X1080) 100HZ – 14MS – HDMI/VGA,rca w2427sg,"$169,00 El precio original era: $169,00. $159,00 El precio actual es: $159,00. IVA INCLUIDO",159.0,139.4,821.06,2778.59,120.18,https://www.compugamer.com.ec/gamers/producto/w2427sg/,2026-06-30,2026-08-05
CompuGamer,Ecuador,USD,MONITOR,Monitor Quasad 19.5″ QM-B20 HD 1366×768 – 60Hz,sin_clasificar,"$115,00 El precio original era: $115,00. $110,00 El precio actual es: $110,00. IVA INCLUIDO",110.0,96.44,568.03,1922.29,83.15,https://www.compugamer.com.ec/gamers/producto/qm-b20/,2026-06-30,2026-08-05
CompuGamer,Ecuador,USD,PERIFERICO,TECLADO PRIMUS GAMING BALLISTA61T – ABS – 61 TECLAS – RETROILUMINADO – SWITCH RED LINEAL – ES – WHITE (PKS-060W-S),primus teclado ballista61t,"$45,00 El precio original era: $45,00. $39,00 El precio actual es: $39,00. IVA INCLUIDO",39.0,34.19,201.39,681.54,29.48,https://www.compugamer.com.ec/gamers/producto/teclado-primus-gaming-ballista61t-abs-61-teclas-retroiluminado-switch-red-lineal-es-white-pks-060w-s/,2026-06-30,2026-08-05
CompuGamer,Ecuador,USD,PERIFERICO,Teclado Quasad USB Español Multimedia Modelo QK-440C,quasad teclado qk-440c,"$9,00 El precio original era: $9,00. $8,00 El precio actual es: $8,00. IVA INCLUIDO",8.0,7.01,41.31,139.8,6.05,https://www.compugamer.com.ec/gamers/producto/qk-440c/,2026-06-30,2026-08-05
CompuGamer,Ecuador,USD,PERIFERICO,"Teclado Gamer Corsair K70 Core RGB, Teclado Mecánico, Switch Cherry MLX Red, Alámbrico, Negro (Español)",corsair teclado k70,"$99,00 El precio original era: $99,00. $89,00 El precio actual es: $89,00. IVA INCLUIDO",89.0,78.03,459.59,1555.31,67.27,https://www.compugamer.com.ec/gamers/producto/k70core/,2026-06-30,2026-08-05
CompuGamer,Ecuador,USD,PERIFERICO,"Teclado Genius KB-117, Alámbrico, USB, Negro (Español)",genius teclado kb-117,"$9,00 El precio original era: $9,00. $8,00 El precio actual es: $8,00. IVA INCLUIDO",8.0,7.01,41.31,139.8,6.05,https://www.compugamer.com.ec/gamers/producto/teclado-genius-kb-117-alambrico-usb-negro-espanol/,2026-06-30,2026-08-05
CompuGamer,Ecuador,USD,PERIFERICO,UPGRADE KIT Mouse Logitech G Pro Wireless – Teclado Pro X 60 Tkl Wireless,sin_clasificar,"$350,00 El precio original era: $350,00. $325,00 El precio actual es: $325,00. IVA INCLUIDO",325.0,284.94,1678.27,5679.5,245.66,https://www.compugamer.com.ec/gamers/producto/upgrade-kit-mouse-logitech-g-pro-wireless-teclado-pro-x-60-tkl-wireless/,2026-06-30,2026-08-05
CompuGamer,Ecuador,USD,PERIFERICO,Mouse QUASAD QM-850 wireless 1600dpi recargable Red/Negro,quasad mouse 1600dpi,"$10,00 El precio original era: $10,00. $9,00 El precio actual es: $9,00. IVA INCLUIDO",9.0,7.89,46.48,157.28,6.8,https://www.compugamer.com.ec/gamers/producto/qm-850/,2026-06-30,2026-08-05
CompuGamer,Ecuador,USD,PERIFERICO,"Mouse Gamer LIGHTSPEED Logitech G Pro, Inalámbrico, Óptico, 25.600DPI",logitech mouse 600dpi,"$135,00 El precio original era: $135,00. $129,00 El precio actual es: $129,00. IVA INCLUIDO",129.0,113.1,666.14,2254.33,97.51,https://www.compugamer.com.ec/gamers/producto/logitechgpro/,2026-06-30,2026-08-05
CompuGamer,Ecuador,USD,PERIFERICO,"Mouse Genius Óptico DX-110, Alámbrico, USB, 1000DPI, Negro",genius mouse 1000dpi,"$6,00 El precio original era: $6,00. $5,00 El precio actual es: $5,00. IVA INCLUIDO",5.0,4.38,25.82,87.38,3.78,https://www.compugamer.com.ec/gamers/producto/dx-110/,2026-06-30,2026-08-05
Computron,Ecuador,USD,CPU,PROCESADOR AMD RYZEN 5 8500G AM5 3.5GHZ DDR5 6 NUCLEOS 12 HILOS,ryzen 5 8500g,"$248,99",248.99,218.3,1285.76,4351.2,188.2,https://www.computron.com.ec/producto-categoria/computadoras/componentes/,2026-06-30,2026-08-05
Computron,Ecuador,USD,CPU,PROCESADOR AMD RYZEN 5 5600GT AM4 3.6GHZ DDR4 WRAITH STEALTH 6 NUCLEOS,ryzen 5 5600gt,"$229,99",229.99,201.64,1187.65,4019.17,173.84,https://www.computron.com.ec/producto-categoria/computadoras/componentes/,2026-06-30,2026-08-05
Computron,Ecuador,USD,CPU,PROCESADOR LENOVO SERVIDOR SR550/SR590/SR650 Intel Xeon Silver 4208 8C 85W 2.1GHz,sin_clasificar,"$951,99",951.99,834.64,4915.98,16636.41,719.58,https://www.computron.com.ec/producto-categoria/servidores/componentes-servidores/,2026-06-30,2026-08-05
Computron,Ecuador,USD,CPU,PROCESADOR LENOVO SERVIDOR SR530/SR570/SR630 Intel Xeon Silver 4214 12C 85W 2.2GHz,sin_clasificar,"$1.762,99",1762.99,1545.67,9103.9,30808.96,1332.59,https://www.computron.com.ec/producto-categoria/servidores/componentes-servidores/,2026-06-30,2026-08-05
Computron,Ecuador,USD,GPU,TARJETA DE VIDEO ASUS DUAL GeForce RTX™ 3050 OC 6GB GDDR6X DOS VENTILADORES PCIe 4.0/DVI/HDMI/DP,sin_clasificar,"$299,99",299.99,263.01,1549.12,5242.45,226.75,https://www.computron.com.ec/producto-categoria/computadoras/componentes/,2026-06-30,2026-08-05
Computron,Ecuador,USD,GPU,TARJETA TPLINK PCIe x1 WIFI 300Mbps 2 ANTENAS DESMONTABLES,sin_clasificar,"$14,99",14.99,13.14,77.41,261.96,11.33,https://www.computron.com.ec/producto-categoria/redes/adaptadores/,2026-06-30,2026-08-05
Computron,Ecuador,USD,RAM,MEMORIA SODIMM HIKSEMI 16GB DDR4 3200MHz,hiksemi 16gb ddr4 sodimm 3200mhz,"$259,99",259.99,227.94,1342.56,4543.43,196.52,https://www.computron.com.ec/producto-categoria/computadoras/componentes/,2026-06-30,2026-08-05
Computron,Ecuador,USD,SSD,DISCO SOLIDO SSD EXT ADATA 1TB - 2000 MB/s- SE880- USB 3.2 Gen2 x2,sin_clasificar,"$274,99",274.99,241.09,1420.02,4805.56,207.86,https://www.computron.com.ec/producto-categoria/almacenamiento/,2026-06-30,2026-08-05
Computron,Ecuador,USD,SSD,DISCO SOLIDO SSD INT M.2 ADATA 1TB 2280 LEGEND 710 PCle Gen3 x4,sin_clasificar,"$329,99",329.99,289.31,1704.04,5766.71,249.43,https://www.computron.com.ec/producto-categoria/computadoras/componentes/,2026-06-30,2026-08-05
Computron,Ecuador,USD,SSD,DISCO SOLIDO SSD INT M.2 ADATA 512GB 2280 LEGEND 710 PCle Gen3 x4,adata 512gb nvme,"$124,99",124.99,109.58,645.44,2184.25,94.48,https://www.computron.com.ec/producto-categoria/computadoras/componentes/,2026-06-30,2026-08-05
Computron,Ecuador,USD,SSD,DISCO SOLIDO SSD INT ADATA 1TB SU-650 SATA 6Gb-s 2.5Inc 3D-NAND,sin_clasificar,"$258,99",258.99,227.06,1337.4,4525.95,195.76,https://www.computron.com.ec/producto-categoria/computadoras/componentes/,2026-06-30,2026-08-05
Computron,Ecuador,USD,SSD,DISCO SOLIDO SSD INT M.2 HIKSEMI WAVE 512GB 2280 NVME PCIe SATA 3.0,hiksemi 512gb nvme,"$169,99",169.99,149.04,877.81,2970.64,128.49,https://www.computron.com.ec/producto-categoria/computadoras/componentes/,2026-06-30,2026-08-05
Computron,Ecuador,USD,SSD,DISCO SOLIDO SSD INT M.2 HIKSEMI WAVE 1TB 2280 NVME PCIe,sin_clasificar,"$319,99",319.99,280.54,1652.4,5591.95,241.87,https://www.computron.com.ec/producto-categoria/computadoras/componentes/,2026-06-30,2026-08-05
Computron,Ecuador,USD,SSD,"DISCO SOLIDO SSD INT HIKSEMI WAVE 512GB SERIES 2.5"" SATA 3.0",hiksemi 512gb sata,"$139,99",139.99,122.73,722.89,2446.38,105.81,https://www.computron.com.ec/producto-categoria/computadoras/componentes/,2026-06-30,2026-08-05
Computron,Ecuador,USD,SSD,"DISCO LENOVO M.2 5300 240GB SATA 6GBPS Non HS SSD/SR250V2,ST550,SR530,SR550,SR570,SR630,SR650,650 V2",lenovo 240gb nvme,"$369,99",369.99,324.38,1910.59,6465.72,279.66,https://www.computron.com.ec/producto-categoria/servidores/componentes-servidores/,2026-06-30,2026-08-05
Computron,Ecuador,USD,MONITOR,"MONITOR XTRATECH 19.5"" LED 1600X900 HDMI VGA 60 Hz PARLANTES INTEGRADOS",sin_clasificar,"$89,99",89.99,78.9,464.7,1572.61,68.02,https://www.computron.com.ec/producto-categoria/computadoras/,2026-06-30,2026-08-05
Computron,Ecuador,USD,MONITOR,"MONITOR XTRATECH 24"" FULL HD 1920X1080 100Hz VGA HDMI",sin_clasificar,"$159,99",159.99,140.27,826.17,2795.89,120.93,https://www.computron.com.ec/producto-categoria/computadoras/,2026-06-30,2026-08-05
Computron,Ecuador,USD,MONITOR,"MONITOR INDURAMA 25"" VORTIX NOVA IPS FHD 1080p 120Hz",sin_clasificar,"$174,99",174.99,153.42,903.63,3058.02,132.27,https://www.computron.com.ec/producto-categoria/computadoras/,2026-06-30,2026-08-05
Computron,Ecuador,USD,MONITOR,"MONITOR INDURAMA 27"" VORTIX NOVA IPS FHD 1080p 120Hz",sin_clasificar,"$197,99",197.99,173.58,1022.4,3459.95,149.65,https://www.computron.com.ec/producto-categoria/computadoras/,2026-06-30,2026-08-05
Computron,Ecuador,USD,MONITOR,"MONITOR INDURAMA 32"" GAMER CURVO VORTIX ULTRA VA FHD 1080p 180Hz",sin_clasificar,"$499,99",499.99,438.36,2581.9,8737.53,377.93,https://www.computron.com.ec/producto-categoria/computadoras/,2026-06-30,2026-08-05
Computron,Ecuador,USD,MONITOR,"MONITOR INDURAMA 22"" VORTIX CORE VA FHD 1080p 100Hz",sin_clasificar,"$138,99",138.99,121.86,717.73,2428.91,105.06,https://www.computron.com.ec/producto-categoria/computadoras/,2026-06-30,2026-08-05
Computron,Ecuador,USD,MONITOR,"MONITOR XTRATECH 21.5"" FHD LCD 1920×1080 HDMI - VGA- 100Hz",sin_clasificar,"$229,99",229.99,201.64,1187.65,4019.17,173.84,https://www.computron.com.ec/producto-categoria/computadoras/,2026-06-30,2026-08-05
Computron,Ecuador,USD,MONITOR,"MONITOR XTRATECH 19.5"" LCD1600×900 HDMI VGA 75Hz",xtratech lcd1600,"$89,99",89.99,78.9,464.7,1572.61,68.02,https://www.computron.com.ec/producto-categoria/computadoras/,2026-06-30,2026-08-05
Computron,Ecuador,USD,MONITOR,"MONITOR LG 27"" LED GAMER ULTRAGEAR IPS 1080p 180Hz HDMI-DP PIVOTE",sin_clasificar,"$439,99",439.99,385.75,2272.06,7689.0,332.58,https://www.computron.com.ec/producto-categoria/computadoras/,2026-06-30,2026-08-05
Computron,Ecuador,USD,MONITOR,"MONITOR LG 24"" (23.8) LED IPS 1080p HDMIx2",sin_clasificar,"$279,99",279.99,245.48,1445.84,4892.94,211.64,https://www.computron.com.ec/producto-categoria/computadoras/,2026-06-30,2026-08-05
Computron,Ecuador,USD,PERIFERICO,TECLADO DELL XPS 7590 BLACK (BACKLIT SMALL ENTER),sin_clasificar,"$102,99",102.99,90.29,531.83,1799.79,77.85,https://www.computron.com.ec/producto-categoria/computadoras/accesorios/,2026-06-30,2026-08-05
Computron,Ecuador,USD,PERIFERICO,TECLADO XTECH ALAMBRICO USB MULTIMEDIA,sin_clasificar,"$8,99",8.99,7.88,46.42,157.1,6.8,https://www.computron.com.ec/producto-categoria/computadoras/accesorios/,2026-06-30,2026-08-05
Computron,Ecuador,USD,PERIFERICO,TECLADO PRIMUS ALAMBRICO GAMER BALLISTA USB-C TRENZADO DESMONTABLE NEGRO,sin_clasificar,"$39,99",39.99,35.06,206.5,698.84,30.23,https://www.computron.com.ec/producto-categoria/computadoras/gamer/accesorios-gamer/,2026-06-30,2026-08-05
Computron,Ecuador,USD,PERIFERICO,TECLADO EZMI ALAMBRICO GAMER RETROILUMINADO USB - NEGRO,sin_clasificar,"$19,99",19.99,17.53,103.23,349.33,15.11,https://www.computron.com.ec/producto-categoria/computadoras/accesorios/,2026-06-30,2026-08-05
Computron,Ecuador,USD,PERIFERICO,TECLADO EZMI ALAMBRICO USB - NEGRO,sin_clasificar,"$7,99",7.99,7.01,41.26,139.63,6.04,https://www.computron.com.ec/producto-categoria/computadoras/accesorios/,2026-06-30,2026-08-05
Computron,Ecuador,USD,PERIFERICO,TECLADO ASUS G713 G713Q G713QE G713QM BLACK US (RGB BLACKLIT WIN8),asus teclado g713qe,"$119,99",119.99,105.2,619.62,2096.87,90.7,https://www.computron.com.ec/producto-categoria/computadoras/accesorios/,2026-06-30,2026-08-05
Computron,Ecuador,USD,PERIFERICO,TECLADO HP 15-FD 15-FC GRAY,hp teclado 15-fd,"$119,99",119.99,105.2,619.62,2096.87,90.7,https://www.computron.com.ec/producto-categoria/computadoras/accesorios/,2026-06-30,2026-08-05
Computron,Ecuador,USD,PERIFERICO,TECLADO LOGITECH INALAMBRICO K250 BLUETOOTH - NEGRO,logitech teclado k250,"$28,99 $19,99",19.99,17.53,103.23,349.33,15.11,https://www.computron.com.ec/producto-categoria/computadoras/accesorios/,2026-06-30,2026-08-05
Computron,Ecuador,USD,PERIFERICO,TECLADO PRIMUS ALAMBRICO GAMER USB 105 TECLAS 1000Hz ANTI-GHOSTING,primus teclado 1000hz,"$49,99",49.99,43.83,258.14,873.6,37.79,https://www.computron.com.ec/producto-categoria/computadoras/gamer/accesorios-gamer/,2026-06-30,2026-08-05
Computron,Ecuador,USD,PERIFERICO,TECLADO LOGITECH ALAMBRICO GAMER G213 PRODIGY USB - INGLES,logitech teclado g213,"$72,99 $59,99",59.99,52.6,309.78,1048.35,45.34,https://www.computron.com.ec/producto-categoria/computadoras/gamer/accesorios-gamer/,2026-06-30,2026-08-05
Computron,Ecuador,USD,PERIFERICO,TECLADO + MOUSE KLIP XTREME ALAMBRICO ERGONOMICO USB,sin_clasificar,"$18,99",18.99,16.65,98.06,331.86,14.35,https://www.computron.com.ec/producto-categoria/computadoras/accesorios/,2026-06-30,2026-08-05
Computron,Ecuador,USD,PERIFERICO,TECLADO + MOUSE LOGITECH ALAMBRICO MK200 USB,logitech combo mk200,"$34,99 $26,99",26.99,23.66,139.37,471.66,20.4,https://www.computron.com.ec/producto-categoria/computadoras/accesorios/,2026-06-30,2026-08-05
Computron,Ecuador,USD,PERIFERICO,TECLADO LOGITECH ALAMBRICO K120 USB ANTIDERRAME NEGRO,logitech teclado k120,"$21,99 $7,99",7.99,7.01,41.26,139.63,6.04,https://www.computron.com.ec/producto-categoria/computadoras/accesorios/,2026-06-30,2026-08-05
Computron,Ecuador,USD,PERIFERICO,TECLADO + MOUSE LOGITECH ALAMBRICO MK120 USB,logitech combo mk120,"$29,99 $20,99",20.99,18.4,108.39,366.81,15.87,https://www.computron.com.ec/producto-categoria/computadoras/accesorios/,2026-06-30,2026-08-05
Computron,Ecuador,USD,PERIFERICO,TECLADO + MOUSE LOGITECH INALAMBRICO MK220,logitech combo mk220,"$35,99",35.99,31.55,185.85,628.94,27.2,https://www.computron.com.ec/producto-categoria/computadoras/accesorios/,2026-06-30,2026-08-05
Computron,Ecuador,USD,PERIFERICO,TECLADO + MOUSE LOGITECH INALAMBRICO MK270 UNIFYING,logitech combo mk270,"$44,99 $33,99",33.99,29.8,175.52,593.99,25.69,https://www.computron.com.ec/producto-categoria/computadoras/accesorios/,2026-06-30,2026-08-05
Computron,Ecuador,USD,PERIFERICO,TECLADO LOGITECH ERGONOMICO BLUETOOTH WAVE KEYS CON REPOSAMUÑECAS MULTIDISPOSI BLANCO,sin_clasificar,"$79,99 $59,99",59.99,52.6,309.78,1048.35,45.34,https://www.computron.com.ec/producto-categoria/computadoras/accesorios/,2026-06-30,2026-08-05
Computron,Ecuador,USD,PERIFERICO,TECLADO KLIP XTREME INALAMBRICO KEYGLIDER BLUETOOTH Y 2.4GHz - PANEL TACTIL,sin_clasificar,"$28,99",28.99,25.42,149.7,506.61,21.91,https://www.computron.com.ec/producto-categoria/computadoras/accesorios/,2026-06-30,2026-08-05
Computron,Ecuador,USD,PERIFERICO,TECLADO + MOUSE KLIP XTREME INALAMBRICO KEYROLL USB,sin_clasificar,"$27,99",27.99,24.54,144.54,489.14,21.16,https://www.computron.com.ec/producto-categoria/computadoras/accesorios/,2026-06-30,2026-08-05
Computron,Ecuador,USD,PERIFERICO,TECLADO XTRATECH ALAMBRICO USB ESPAÑOL,sin_clasificar,"$6,99",6.99,6.13,36.1,122.15,5.28,https://www.computron.com.ec/producto-categoria/computadoras/accesorios/,2026-06-30,2026-08-05
Computron,Ecuador,USD,PERIFERICO,TECLADO LOGITECH INALAMBRICO K380 PEBBLES KEY 2 - BLUETOOTH-MULTIDISPOSITIVO / NEGRO,logitech teclado k380,"$49,99",49.99,43.83,258.14,873.6,37.79,https://www.computron.com.ec/producto-categoria/computadoras/accesorios/,2026-06-30,2026-08-05
Computron,Ecuador,USD,PERIFERICO,TECLADO KLIP XTREME INALAMBRICO ERGONOMICO TRANSCEND USB NEGRO,sin_clasificar,"$45,99",45.99,40.32,237.49,803.69,34.76,https://www.computron.com.ec/producto-categoria/computadoras/accesorios/,2026-06-30,2026-08-05
Computron,Ecuador,USD,PERIFERICO,TECLADO + MOUSE EZMI INALAMBRICO - NEGRO,sin_clasificar,"$16,99",16.99,14.9,87.73,296.91,12.84,https://www.computron.com.ec/producto-categoria/computadoras/accesorios/,2026-06-30,2026-08-05
Computron,Ecuador,USD,PERIFERICO,TECLADO + MOUSE TARGUS INALAMBRICO - NEGRO,sin_clasificar,"$25,99",25.99,22.79,134.21,454.19,19.65,https://www.computron.com.ec/producto-categoria/computadoras/accesorios/,2026-06-30,2026-08-05
Computron,Ecuador,USD,PERIFERICO,TECLADO + MOUSE MANHATTAN INALAMBRICO - NEGRO,sin_clasificar,"$31,99",31.99,28.05,165.19,559.04,24.18,https://www.computron.com.ec/producto-categoria/computadoras/accesorios/,2026-06-30,2026-08-05
Computron,Ecuador,USD,PERIFERICO,TECLADO LOGITECH INALAMBRICO K270 USB NEGRO,logitech teclado k270,"$27,99 $21,99",21.99,19.28,113.55,384.28,16.62,https://www.computron.com.ec/producto-categoria/computadoras/accesorios/,2026-06-30,2026-08-05
Computron,Ecuador,USD,PERIFERICO,TECLADO LOGITECH INALAMBRICO GAMER G915 TKL LIGHTSPEED MECANICO BLUETOOTH / RGB / BLANCO,logitech teclado g915,"$259,99",259.99,227.94,1342.56,4543.43,196.52,https://www.computron.com.ec/producto-categoria/computadoras/gamer/accesorios-gamer/,2026-06-30,2026-08-05
Computron,Ecuador,USD,PERIFERICO,TECLADO + MOUSE XTECH ALAMBRICO USB - NEGRO,sin_clasificar,"$15,99 $9,99",9.99,8.76,51.59,174.58,7.55,https://www.computron.com.ec/producto-categoria/computadoras/accesorios/,2026-06-30,2026-08-05
Computron,Ecuador,USD,PERIFERICO,MOUSE LENOVO LEGION GAMER M300S RGB GY51H47350,lenovo mouse gy51h47350,"$59,99",59.99,52.6,309.78,1048.35,45.34,https://www.computron.com.ec/producto-categoria/computadoras/gamer/accesorios-gamer/,2026-06-30,2026-08-05
Computron,Ecuador,USD,PERIFERICO,MOUSE XTECH INALAMBRICO XTM-309 DE 3 BOTONES 1600 DPI,xtech mouse xtm-309,"$5,99",5.99,5.25,30.93,104.68,4.53,https://www.computron.com.ec/producto-categoria/computadoras/accesorios/,2026-06-30,2026-08-05
Computron,Ecuador,USD,PERIFERICO,MOUSE XTECH INALAMBRICO XTM-318 DE 4 BOTONES LUCES,xtech mouse xtm-318,"$6,99",6.99,6.13,36.1,122.15,5.28,https://www.computron.com.ec/producto-categoria/computadoras/accesorios/,2026-06-30,2026-08-05
Computron,Ecuador,USD,PERIFERICO,MOUSE LOGITECH ERGONOMIC LIFT LEFT VERTICAL BLUETOOTH 4000 DPI GRAFITO - MANO IZQUIERDA,sin_clasificar,"$104,99 $79,99",79.99,70.13,413.06,1397.86,60.46,https://www.computron.com.ec/producto-categoria/computadoras/accesorios/,2026-06-30,2026-08-05
Computron,Ecuador,USD,PERIFERICO,MOUSE EZMI ALAMBRICO EZ GAMER ILUMINACION RGB 6 BOT. 7200 DPI USB - NEGRO,sin_clasificar,"$14,98",14.98,13.13,77.36,261.78,11.32,https://www.computron.com.ec/producto-categoria/computadoras/accesorios/,2026-06-30,2026-08-05
Computron,Ecuador,USD,PERIFERICO,MOUSE PRIMUS INALAMBRICO GAMER CONEXION DUAL USB BATERIA RECARGABLE,sin_clasificar,"$37,99",37.99,33.31,196.18,663.89,28.72,https://www.computron.com.ec/producto-categoria/computadoras/gamer/accesorios-gamer/,2026-06-30,2026-08-05
Computron,Ecuador,USD,PERIFERICO,MOUSE LOGITECH INALAMBRICO M650 BLUETOOTH USB SILENCE - GRAFITO,logitech mouse m650,"$54,99",54.99,48.21,283.96,960.97,41.57,https://www.computron.com.ec/producto-categoria/computadoras/accesorios/,2026-06-30,2026-08-05
Computron,Ecuador,USD,PERIFERICO,MOUSE XTECH ALAMBRICO USB NEGRO ERGONOMICO,sin_clasificar,"$4,99 $3,49",3.49,3.06,18.02,60.99,2.64,https://www.computron.com.ec/producto-categoria/computadoras/accesorios/,2026-06-30,2026-08-05
Computron,Ecuador,USD,PERIFERICO,MOUSE XTECH ALAMBRICO 3 BOTONES USB - NEGRO,sin_clasificar,"$3,99",3.99,3.5,20.6,69.73,3.02,https://www.computron.com.ec/producto-categoria/computadoras/accesorios/,2026-06-30,2026-08-05
Computron,Ecuador,USD,PERIFERICO,MOUSE KLIP XTREME INALAMBRICO VERTICAL NEGRO,sin_clasificar,"$20,99",20.99,18.4,108.39,366.81,15.87,https://www.computron.com.ec/producto-categoria/computadoras/accesorios/,2026-06-30,2026-08-05
Computron,Ecuador,USD,PERIFERICO,MOUSE XTECH INALAMBRICO 1200dpi USB NEGRO,xtech mouse 1200dpi,"$9,99 $6,49",6.49,5.69,33.51,113.42,4.91,https://www.computron.com.ec/producto-categoria/computadoras/accesorios/,2026-06-30,2026-08-05
Computron,Ecuador,USD,PERIFERICO,MOUSE KLIP XTREME INALAMBRICO USB - AZUL,sin_clasificar,"$13,00",13.0,11.4,67.13,227.18,9.83,https://www.computron.com.ec/producto-categoria/computadoras/accesorios/,2026-06-30,2026-08-05
Computron,Ecuador,USD,PERIFERICO,MOUSE LOGITECH INALAMBRICO M170 GRIS,logitech mouse m170,"$18,99 $10,99",10.99,9.64,56.75,192.05,8.31,https://www.computron.com.ec/producto-categoria/computadoras/accesorios/,2026-06-30,2026-08-05
Computron,Ecuador,USD,PERIFERICO,MOUSE LOGITECH INALAMBRICO M170 AZUL,logitech mouse m170,"$18,99 $12,99",12.99,11.39,67.08,227.01,9.82,https://www.computron.com.ec/producto-categoria/computadoras/accesorios/,2026-06-30,2026-08-05
Computron,Ecuador,USD,PERIFERICO,MOUSE KLIP XTREME INALAMBRICO ERGONOMICO 6 BOT. NANO USB - NEGRO,sin_clasificar,"$10,99",10.99,9.64,56.75,192.05,8.31,https://www.computron.com.ec/producto-categoria/computadoras/accesorios/,2026-06-30,2026-08-05
Computron,Ecuador,USD,PERIFERICO,MOUSE KLIP XTREME INALAMBRICO ERGONOMICO 6 BOT. NANO USB - AZUL,sin_clasificar,"$11,99",11.99,10.51,61.92,209.53,9.06,https://www.computron.com.ec/producto-categoria/computadoras/accesorios/,2026-06-30,2026-08-05
Computron,Ecuador,USD,PERIFERICO,MOUSE LOGITECH INALAMBRICO M280 2.4GHZ USB NEGRO,logitech mouse m280,"$29,99 $20,99",20.99,18.4,108.39,366.81,15.87,https://www.computron.com.ec/producto-categoria/computadoras/accesorios/,2026-06-30,2026-08-05
Computron,Ecuador,USD,PERIFERICO,MOUSE LOGITECH INALAMBRICO M185 2.4GHZ USB GRIS,logitech mouse m185,"$27,99 $21,99",21.99,19.28,113.55,384.28,16.62,https://www.computron.com.ec/producto-categoria/computadoras/accesorios/,2026-06-30,2026-08-05
Computron,Ecuador,USD,PERIFERICO,MOUSE LOGITECH M196 INALAMBRICO BLUETOOTH - GRAFITO 1000 DPI,logitech mouse m196,"$19,99 $13,99",13.99,12.27,72.24,244.48,10.57,https://www.computron.com.ec/producto-categoria/computadoras/accesorios/,2026-06-30,2026-08-05
Computron,Ecuador,USD,PERIFERICO,MOUSE KLIP XTREME INALAMBRICO BLUETOOTH 6 BOTONES - NEGRO,sin_clasificar,"$15,99",15.99,14.02,82.57,279.43,12.09,https://www.computron.com.ec/producto-categoria/computadoras/accesorios/,2026-06-30,2026-08-05
Computron,Ecuador,USD,PERIFERICO,SOPORTE PARA AUDIFONOS XTECH INCLUYE 2 PUERTOS USB - RGB,sin_clasificar,"$21,99",21.99,19.28,113.55,384.28,16.62,https://www.computron.com.ec/producto-categoria/computadoras/gamer/accesorios-gamer/,2026-06-30,2026-08-05
Computron,Ecuador,USD,PERIFERICO,AUDIFONO + MICROFONO XTECH XTH-241 ON EAR USB-A,xtech audifonos xth-241,"$12,99",12.99,11.39,67.08,227.01,9.82,https://www.computron.com.ec/producto-categoria/audio/audifonos/,2026-06-30,2026-08-05
Computron,Ecuador,USD,PERIFERICO,AUDIFONO + MICROFONO PRIMUS GAMER ON-EAR BLUETOOTH ARCUS360BT - NEGRO,primus audifonos arcus360bt,"$65,99",65.99,57.86,340.77,1153.2,49.88,https://www.computron.com.ec/producto-categoria/computadoras/gamer/accesorios-gamer/,2026-06-30,2026-08-05
Computron,Ecuador,USD,PERIFERICO,AUDIFONO + MICROFONO PRIMUS GAMER ON-EAR BLUETOOTH ARCUS360BT - BLANCO,primus audifonos arcus360bt,"$59,99",59.99,52.6,309.78,1048.35,45.34,https://www.computron.com.ec/producto-categoria/computadoras/gamer/accesorios-gamer/,2026-06-30,2026-08-05
Computron,Ecuador,USD,PERIFERICO,AUDIFONO + MICROFONO XTECH ON EAR TIPO DIADEMA 2 conectores 3.5mm,sin_clasificar,"$4,99",4.99,4.37,25.77,87.2,3.77,https://www.computron.com.ec/producto-categoria/audio/audifonos/,2026-06-30,2026-08-05
Computron,Ecuador,USD,PERIFERICO,AUDIFONO + MICROFONO LOGITECH ALAMBRICO GAMER G335 - 3.5mm NEGRO,logitech audifonos g335,"$89,99",89.99,78.9,464.7,1572.61,68.02,https://www.computron.com.ec/producto-categoria/computadoras/gamer/accesorios-gamer/,2026-06-30,2026-08-05
MTEC,Ecuador,USD,CPU,Intel Core Ultra 5 225F Procesador 10C hasta 4.9Ghz,core ultra 5 225f,$242.00 El precio original era: $242.00. $220.00 El precio actual es: $220.00.,220.0,192.88,1136.06,3844.59,166.29,https://mtec-ec.com/producto/intel-core-ultra-5-225f-procesador-10-nuc-hasta-4-9ghz-copia/,2026-06-30,2026-08-05
MTEC,Ecuador,USD,CPU,AMD Ryzen 9 9900X Procesador 4.4Ghz 12 Núc 24 Hilos,ryzen 9 9900x,$594.00 El precio original era: $594.00. $540.00 El precio actual es: $540.00.,540.0,473.43,2788.51,9436.72,408.17,https://mtec-ec.com/producto/amd-ryzen-9-9900x-procesador-4-4ghz-12-nucleos-24-hilos/,2026-06-30,2026-08-05
MTEC,Ecuador,USD,CPU,Intel Core Ultra 9 285K Procesador 24 Núcleos 24 3.2/5.7Ghz,core ultra 9 285k,$918.50 El precio original era: $918.50. $835.00 El precio actual es: $835.00.,835.0,732.07,4311.86,14591.96,631.15,https://mtec-ec.com/producto/intel-core-ultra-9-285k-procesador-24-nucleos-24-3-2-5-7ghz/,2026-06-30,2026-08-05
MTEC,Ecuador,USD,CPU,Amd Ryzen 7 8700F Procesador 8 Núc 16h 4.1 – 5.Ghz,ryzen 7 8700f,$330.00 El precio original era: $330.00. $300.00 El precio actual es: $300.00.,300.0,263.02,1549.17,5242.62,226.76,https://mtec-ec.com/producto/amd-ryzen-7-8700f-procesador-8-nuc-16h-4-1-5-ghz/,2026-06-30,2026-08-05
MTEC,Ecuador,USD,CPU,Amd Ryzen 7 9700X Procesador 3.8-5.5Ghz 8N 16H,ryzen 7 9700x,$473.00 El precio original era: $473.00. $430.00 El precio actual es: $430.00.,430.0,376.99,2220.48,7514.42,325.02,https://mtec-ec.com/producto/amd-ryzen-7-9700x-3-8-5-5ghz-8-nucleos-16-hilos/,2026-06-30,2026-08-05
MTEC,Ecuador,USD,CPU,Amd Ryzen 7 8700G Procesador 8 Núc 16h 4.2 – 5.1Ghz,ryzen 7 8700g,$385.00 El precio original era: $385.00. $350.00 El precio actual es: $350.00.,350.0,306.86,1807.36,6116.39,264.55,https://mtec-ec.com/producto/amd-ryzen-7-8700g-procesador-8-nucleos-16-hilos-4-2ghz-5-1ghz/,2026-06-30,2026-08-05
MTEC,Ecuador,USD,CPU,Intel Core Ultra 7 265 Procesador 20 Núcleos hasta 5.3Ghz,core ultra 7 265,$517.00 El precio original era: $517.00. $470.00 El precio actual es: $470.00.,470.0,412.06,2427.03,8213.44,355.26,https://mtec-ec.com/producto/intel-core-ultra-7-265-procesador-20-nucleos-hasta-5-3ghz/,2026-06-30,2026-08-05
MTEC,Ecuador,USD,CPU,Amd Ryzen 5 8600G Procesador 6 Núcleos 12 Hilos 4.3Ghz – 5.0Ghz,ryzen 5 8600g,$270.00 El precio original era: $270.00. $245.00 El precio actual es: $245.00.,245.0,214.8,1265.16,4281.47,185.19,https://mtec-ec.com/producto/amd-ryzen-5-8600g-procesador-6-nucleos-12-hilos-4-3ghz-5-0ghz/,2026-06-30,2026-08-05
MTEC,Ecuador,USD,CPU,AMD Ryzen 5 8500G Procesador 3.5Ghz 6 Núcleos 12 Hilos AM5,ryzen 5 8500g,$213.00 El precio original era: $213.00. $194.00 El precio actual es: $194.00.,194.0,170.09,1001.8,3390.23,146.64,https://mtec-ec.com/producto/amd-ryzen-5-8500g-procesador-3-5ghz-6-nucleos-12-hilos-am5/,2026-06-30,2026-08-05
MTEC,Ecuador,USD,CPU,Gamdias Aura GC12 Case Gamer 6 Fans Argb,sin_clasificar,$77.00 El precio original era: $77.00. $70.00 El precio actual es: $70.00.,70.0,61.37,361.47,1223.28,52.91,https://mtec-ec.com/producto/gamdias-aura-gc12-case-gamer-6-fans-argb/,2026-06-30,2026-08-05
MTEC,Ecuador,USD,CPU,Gamdias Kratos M1 600B Fuente de Poder 600W 80+ Bronze,sin_clasificar,$66.00 El precio original era: $66.00. $60.00 El precio actual es: $60.00.,60.0,52.6,309.83,1048.52,45.35,https://mtec-ec.com/producto/gamdias-kratos-m1-600b-fuente-de-poder-600w-80-bronze/,2026-06-30,2026-08-05
MTEC,Ecuador,USD,CPU,Gamdias Atlas M3M Case Gamer Vidrio Templado 3 Fans,sin_clasificar,$71.50 El precio original era: $71.50. $65.00 El precio actual es: $65.00.,65.0,56.99,335.65,1135.9,49.13,https://mtec-ec.com/producto/gamdias-atlas-m3m-case-gamer-vidrio-templado-3-fans/,2026-06-30,2026-08-05
MTEC,Ecuador,USD,CPU,Lenovo LOQ 15ARP10E AMD R7 7735HS 16GB 512GB RTX 4050 15.6″,sin_clasificar,"$1,303.50 El precio original era: $1,303.50. $1,185.00 El precio actual es: $1,185.00.",1185.0,1038.93,6119.22,20708.35,895.71,https://mtec-ec.com/producto/lenovo-loq-15arp10e-amd-r7-7735hs-16gb-512b-rtx-4050-15-6/,2026-06-30,2026-08-05
MTEC,Ecuador,USD,CPU,Amd Ryzen 5 9600X 3.9 – 5.4Ghz 6 Núcleos 12 Hilos,ryzen 5 9600x,$330.00 El precio original era: $330.00. $300.00 El precio actual es: $300.00.,300.0,263.02,1549.17,5242.62,226.76,https://mtec-ec.com/producto/amd-ryzen-5-9600x-3-9-5-4ghz-6-nucleos-12-hilos/,2026-06-30,2026-08-05
MTEC,Ecuador,USD,CPU,Amd Ryzen 7 7700X 4.5Ghz Am5 8 Núcleos 16 hilos,ryzen 7 7700x,$484.00 El precio original era: $484.00. $440.00 El precio actual es: $440.00.,440.0,385.76,2272.12,7689.18,332.58,https://mtec-ec.com/producto/amd-ryzen-7-7700x-4-5ghz-am5-8-nucleos-16-hilos/,2026-06-30,2026-08-05
MTEC,Ecuador,USD,CPU,ASUS Prime H810M-E LGA1851 DDR5 Intel,sin_clasificar,$121.00 El precio original era: $121.00. $110.00 El precio actual es: $110.00.,110.0,96.44,568.03,1922.29,83.15,https://mtec-ec.com/producto/asus-prime-h810m-e-lga1851-ddr5-intel/,2026-06-30,2026-08-05
MTEC,Ecuador,USD,CPU,Asus TUF Gaming B850M-Plus WIFI AM5 AMD,sin_clasificar,$308.00 El precio original era: $308.00. $280.00 El precio actual es: $280.00.,280.0,245.48,1445.89,4893.11,211.64,https://mtec-ec.com/producto/asus-tuf-gaming-b850m-plus-wifi-am5-amd-ddr5-mainboard/,2026-06-30,2026-08-05
MTEC,Ecuador,USD,CPU,Asus TUF Z890 PLUS WIFI Intel Core Ultra LGA1851,sin_clasificar,$440.00 El precio original era: $440.00. $400.00 El precio actual es: $400.00.,400.0,350.69,2065.56,6990.16,302.35,https://mtec-ec.com/producto/asus-tuf-z890-plus-wifi-intel-core-ultra/,2026-06-30,2026-08-05
MTEC,Ecuador,USD,CPU,Amd Ryzen 7 7700 3.8Ghz 8 Núcleos 16 Hilos AM5,ryzen 7 7700 3,$429.00 El precio original era: $429.00. $390.00 El precio actual es: $390.00.,390.0,341.92,2013.92,6815.41,294.79,https://mtec-ec.com/producto/amd-ryzen-7-7700-3-8ghz-8-nucleos-16-hilos-procesador-am5/,2026-06-30,2026-08-05
MTEC,Ecuador,USD,GPU,Msi RTX 5070 12g Shadow 3X OC Tarjeta de Video,rtx 5070 12g,$990.00 El precio original era: $990.00. $900.00 El precio actual es: $900.00.,900.0,789.06,4647.51,15727.86,680.28,https://mtec-ec.com/producto/msi-rtx-5070-12g-shadow-3x-oc-tarjeta-de-video/,2026-06-30,2026-08-05
MTEC,Ecuador,USD,GPU,Asus Dual RTX 5060 Ti 8GB OC Edition Tarjeta de Video,rtx 5060 ti 8gb,$594.00 El precio original era: $594.00. $540.00 El precio actual es: $540.00.,540.0,473.43,2788.51,9436.72,408.17,https://mtec-ec.com/producto/asus-dual-rtx-5060-ti-8gb-gddr7-oc-edition-tarjeta-de-video/,2026-06-30,2026-08-05
MTEC,Ecuador,USD,GPU,Asus Dual RTX 5060 Ti EVO 16GB Tarjeta de Video,rtx 5060 ti,$869.00 El precio original era: $869.00. $790.00 El precio actual es: $790.00.,790.0,692.62,4079.48,13805.57,597.14,https://mtec-ec.com/producto/asus-dual-rtx-5060-ti-evo-16gb-tarjeta-de-video/,2026-06-30,2026-08-05
MTEC,Ecuador,USD,GPU,Asus Dual RTX 5050 8GB GDDR6 OC Tarjeta de Video,rtx 5050 8gb,$456.50 El precio original era: $456.50. $415.00 El precio actual es: $415.00.,415.0,363.84,2143.02,7252.29,313.69,https://mtec-ec.com/producto/asus-dual-rtx-5050-8gb-gddr6-oc-edition-tarjeta-de-video/,2026-06-30,2026-08-05
MTEC,Ecuador,USD,GPU,Msi RTX 5060 Ti 16G Ventus 2X OC Plus Tarjeta Video,rtx 5060 ti 16g,$825.00 El precio original era: $825.00. $750.00 El precio actual es: $750.00.,750.0,657.55,3872.92,13106.55,566.9,https://mtec-ec.com/producto/msi-rtx-5060-ti-16g-ventus-2x-oc-plus-tarjeta-video/,2026-06-30,2026-08-05
MTEC,Ecuador,USD,GPU,Gigabyte RTX 5070 Ti Eagle Oc Sff 16G Tarjeta Video,rtx 5070 ti,"$1,424.49 El precio original era: $1,424.49. $1,295.00 El precio actual es: $1,295.00.",1295.0,1135.37,6687.25,22630.64,978.85,https://mtec-ec.com/producto/gigabyte-rtx-5070-ti-eagle-oc-sff-16g-tarjeta-de-video/,2026-06-30,2026-08-05
MTEC,Ecuador,USD,GPU,Tp-link Tapo D210 Video Portero WiFi Visión Nocturna,sin_clasificar,$66.00 El precio original era: $66.00. $60.00 El precio actual es: $60.00.,60.0,52.6,309.83,1048.52,45.35,https://mtec-ec.com/producto/video-portero-wifi-tapo-d210-vision-nocturna-color-y-deteccion-de-personas/,2026-06-30,2026-08-05
MTEC,Ecuador,USD,GPU,Lenovo LOQ 15ARP10E AMD R7 7735HS 16GB 512GB RTX 4050 15.6″,rtx 4050,"$1,303.50 El precio original era: $1,303.50. $1,185.00 El precio actual es: $1,185.00.",1185.0,1038.93,6119.22,20708.35,895.71,https://mtec-ec.com/producto/lenovo-loq-15arp10e-amd-r7-7735hs-16gb-512b-rtx-4050-15-6/,2026-06-30,2026-08-05
MTEC,Ecuador,USD,GPU,Zotac Gaming GeForce RTX 5070 Solid OC 12GB,rtx 5070,$990.00 El precio original era: $990.00. $900.00 El precio actual es: $900.00.,900.0,789.06,4647.51,15727.86,680.28,https://mtec-ec.com/producto/zotac-gaming-geforce-rtx-5070-solid-12gb/,2026-06-30,2026-08-05
MTEC,Ecuador,USD,GPU,Zotac Gaming GeForce RTX 5060 Ti Twin Edge OC 16GB,rtx 5060 ti,$836.00 El precio original era: $836.00. $760.00 El precio actual es: $760.00.,760.0,666.31,3924.56,13281.3,574.46,https://mtec-ec.com/producto/zotac-gaming-geforce-rtx-5060-ti-twin-edge-oc-16gb/,2026-06-30,2026-08-05
MTEC,Ecuador,USD,GPU,Gigabyte GeForce RTX 5060 Ti EAGLE OC ICE 16GB,rtx 5060 ti,$841.50 El precio original era: $841.50. $765.00 El precio actual es: $765.00.,765.0,670.7,3950.38,13368.68,578.24,https://mtec-ec.com/producto/gigabyte-geforce-rtx-5060-ti-eagle-oc-ice-16gb/,2026-06-30,2026-08-05
MTEC,Ecuador,USD,GPU,Zotac Gaming Geforce RTX 5070 Ti Solid SFF OC 16GB,rtx 5070 ti,"$1,430.00 El precio original era: $1,430.00. $1,300.00 El precio actual es: $1,300.00.",1300.0,1139.75,6713.07,22718.02,982.63,https://mtec-ec.com/producto/zotac-gaming-geforce-rtx-5070-ti-solid-sff-oc-16gb/,2026-06-30,2026-08-05
MTEC,Ecuador,USD,RAM,Adata Xpg Spectrix D41 16gb Ddr4 Rgb 3200mhz Memoria Ram,xpg 16gb ddr4 spectrix 3200mhz,$192.50 El precio original era: $192.50. $175.00 El precio actual es: $175.00.,175.0,153.43,903.68,3058.2,132.28,https://mtec-ec.com/producto/adata-xpg-spectrix-d41-16gb-ddr4-rgb-3200mhz/,2026-06-30,2026-08-05
MTEC,Ecuador,USD,RAM,Xpg Lancer Rgb DDR5 16gb Ram 6000mhz White,xpg 16gb ddr5 lancer 6000mhz,$357.50 El precio original era: $357.50. $325.00 El precio actual es: $325.00.,325.0,284.94,1678.27,5679.5,245.66,https://mtec-ec.com/producto/xpg-lancer-rgb-ddr5-16gb-ram-6000mhz-white/,2026-06-30,2026-08-05
MTEC,Ecuador,USD,RAM,Xpg Caster RGB 16GB Ram DDR5 6400Mhz,xpg 16gb ddr5 caster 6400mhz,$368.50 El precio original era: $368.50. $335.00 El precio actual es: $335.00.,335.0,293.7,1729.91,5854.26,253.22,https://mtec-ec.com/producto/xpg-caster-rgb-16gb-ddr5-6400mhz/,2026-06-30,2026-08-05
MTEC,Ecuador,USD,SSD,Adata SC610 1000GB Disco de Estado sólido Externo,adata 1000gb ext,$231.00 El precio original era: $231.00. $210.00 El precio actual es: $210.00.,210.0,184.11,1084.42,3669.83,158.73,https://mtec-ec.com/producto/adata-sc610-1000gb-disco-de-estado-solido-externo/,2026-06-30,2026-08-05
MTEC,Ecuador,USD,SSD,Corsair MP600 Core XT 1TB M.2 Nvme Gen4,sin_clasificar,$220.00 El precio original era: $220.00. $200.00 El precio actual es: $200.00.,200.0,175.35,1032.78,3495.08,151.17,https://mtec-ec.com/producto/corsair-mp600-core-xt-1t-m-2-gen4/,2026-06-30,2026-08-05
MTEC,Ecuador,USD,MONITOR,Boetec Slim 2477 Monitor Curvo 24″ 200Hz 1ms,sin_clasificar,$159.50 El precio original era: $159.50. $145.00 El precio actual es: $145.00.,145.0,127.13,748.77,2533.93,109.6,https://mtec-ec.com/producto/boetec-slim-2477-24-ips-200hz-1ms/,2026-06-30,2026-08-05
MTEC,Ecuador,USD,MONITOR,Asus TUF VG259QM5A 24.5″ Monitor Gamer FHD 240Hz IPS,asus vg259qm5a,$275.00 El precio original era: $275.00. $250.00 El precio actual es: $250.00.,250.0,219.18,1290.97,4368.85,188.97,https://mtec-ec.com/producto/asus-tuf-vg259qm5a-24-5-monitor-gamer-fhd-240hz-ips/,2026-06-30,2026-08-05
MTEC,Ecuador,USD,MONITOR,Gigabyte GS27QA Monitor 27″ QHD SS IPS 180Hz 1ms,gigabyte gs27qa,$330.00 El precio original era: $330.00. $300.00 El precio actual es: $300.00.,300.0,263.02,1549.17,5242.62,226.76,https://mtec-ec.com/producto/gigabyte-gs27qa-monitor-27-qhd-ss-ips-180hz-1ms/,2026-06-30,2026-08-05
MTEC,Ecuador,USD,MONITOR,Msi MAG 276CXF Monitor 27″ FHD Curvo 280Hz 0.5ms,msi 276cxf,$330.00 El precio original era: $330.00. $300.00 El precio actual es: $300.00.,300.0,263.02,1549.17,5242.62,226.76,https://mtec-ec.com/producto/msi-mag-276cxf-monitor-27fhd-curvo-280hz-0-5ms/,2026-06-30,2026-08-05
MTEC,Ecuador,USD,MONITOR,Teros TE-2767G 27″ Monitor Curvo QHD 2K 180Hz 1ms,teros te-2767g,$324.50 El precio original era: $324.50. $295.00 El precio actual es: $295.00.,295.0,258.64,1523.35,5155.24,222.98,https://mtec-ec.com/producto/eros-te-2767g-27-curvo-qhd-2k-180hz-1ms/,2026-06-30,2026-08-05
MTEC,Ecuador,USD,MONITOR,Teros TE-2754G Monitor 27″ QHD IPS 200Hz 1ms,teros te-2754g,$330.00 El precio original era: $330.00. $300.00 El precio actual es: $300.00.,300.0,263.02,1549.17,5242.62,226.76,https://mtec-ec.com/producto/teros-te-2754g-27-qhd-ips-200hz-1ms/,2026-06-30,2026-08-05
MTEC,Ecuador,USD,MONITOR,ASUS ProArt PA27JCV 27″ Pulgadas IPS 5K Monitor,asus pa27jcv,"$1,050.50 El precio original era: $1,050.50. $955.00 El precio actual es: $955.00.",955.0,837.28,4931.52,16689.01,721.86,https://mtec-ec.com/producto/asus-proart-pa27jcv-27-pulgadas-ips-5k-monitor/,2026-06-30,2026-08-05
MTEC,Ecuador,USD,MONITOR,Msi MAG 32C6X 32″ Monitor Curvo FHD 250Hz 1Ms,msi 32c6x,$385.00 El precio original era: $385.00. $350.00 El precio actual es: $350.00.,350.0,306.86,1807.36,6116.39,264.55,https://mtec-ec.com/producto/msi-mag-32c6x-31-5-monitor-curvo-fhd-250hz-1ms/,2026-06-30,2026-08-05
MTEC,Ecuador,USD,MONITOR,Msi Mag 272F X24 Monitor 27″ IPS Full HD 240Hz 0.5ms,msi 272f,$335.50 El precio original era: $335.50. $305.00 El precio actual es: $305.00.,305.0,267.4,1574.99,5330.0,230.54,https://mtec-ec.com/producto/msi-mag-272f-x24-monitor-27-ips-full-hd-240hz-0-5ms/,2026-06-30,2026-08-05
MTEC,Ecuador,USD,MONITOR,Thunderobot ZQ25F180 Monitor 24.5″ 180Hz QHD IPS,thunderobot zq25f180,$242.00 El precio original era: $242.00. $220.00 El precio actual es: $220.00.,220.0,192.88,1136.06,3844.59,166.29,https://mtec-ec.com/producto/thunderobot-zq25f180-monitor-24-5-180hz-qhd-ips/,2026-06-30,2026-08-05
MTEC,Ecuador,USD,MONITOR,Asus TUF VG279QM5A 27″ Monitor Gamer FHD 240Hz IPS,asus vg279qm5a,$319.00 El precio original era: $319.00. $290.00 El precio actual es: $290.00.,290.0,254.25,1497.53,5067.87,219.2,https://mtec-ec.com/producto/asus-tuf-vg279qm5a-27-monitor-gamer-fhd-240hz-ips/,2026-06-30,2026-08-05
MTEC,Ecuador,USD,MONITOR,Armaggeddon Pixxel+ XF27HD Monitor 27″ IPS 120Hz,armaggeddon xf27hd,$231.00 El precio original era: $231.00. $210.00 El precio actual es: $210.00.,210.0,184.11,1084.42,3669.83,158.73,https://mtec-ec.com/producto/armaggeddon-pixxel-xf27hd-monitor-27-ips-120hz/,2026-06-30,2026-08-05
MTEC,Ecuador,USD,MONITOR,Asus TUF VG249Q5R 23.8″ Monitor Gamer FHD 200Hz IPS,asus vg249q5r,$264.00 El precio original era: $264.00. $240.00 El precio actual es: $240.00.,240.0,210.42,1239.34,4194.1,181.41,https://mtec-ec.com/producto/asus-tuf-vg249q5r-23-8-monitor-gamer-fhd-200hz-ips/,2026-06-30,2026-08-05
MTEC,Ecuador,USD,MONITOR,Msi Pro MP243L E14 Monitor 24″ 144Hz IPS 1ms,msi mp243l,$247.50 El precio original era: $247.50. $225.00 El precio actual es: $225.00.,225.0,197.26,1161.88,3931.96,170.07,https://mtec-ec.com/producto/msi-pro-mp243l-e14-monitor-24-144hz-ips-1ms/,2026-06-30,2026-08-05
MTEC,Ecuador,USD,MONITOR,Teros TE-2786G 27″ Monitor Gamer 200Hz 1ms IPS,teros te-2786g,$258.50 El precio original era: $258.50. $235.00 El precio actual es: $235.00.,235.0,206.03,1213.52,4106.72,177.63,https://mtec-ec.com/producto/teros-te-2786g-27-monitor-gamer-200hz-1ms-ips/,2026-06-30,2026-08-05
MTEC,Ecuador,USD,MONITOR,Klip Xtreme KMM-510 Soporte Articulado Dos Monitores con regleta,sin_clasificar,$55.00 El precio original era: $55.00. $50.00 El precio actual es: $50.00.,50.0,43.84,258.2,873.77,37.79,https://mtec-ec.com/producto/klip-xtreme-kmm-510-soporte-articulado-dos-monitores/,2026-06-30,2026-08-05
MTEC,Ecuador,USD,MONITOR,Asrock PG27Q15R2A 27″ Monitor Curvo VA QHD 1440P 165Hz,asrock pg27q15r2a,$469.99 El precio original era: $469.99. $428.99 El precio actual es: $428.99.,428.99,376.11,2215.26,7496.77,324.26,https://mtec-ec.com/producto/asrock-pg27q15r2a-27-monitor-curvo-va-qhd-1440p-165hz/,2026-06-30,2026-08-05
MTEC,Ecuador,USD,MONITOR,Cooler Master GA241 23.8″ Monitor FHD 100Hz 1ms,coolermaster ga241,$181.50 El precio original era: $181.50. $165.00 El precio actual es: $165.00.,165.0,144.66,852.04,2883.44,124.72,https://mtec-ec.com/producto/cooler-master-ga241-23-8-monitor-fhd-100hz-1ms/,2026-06-30,2026-08-05
MTEC,Ecuador,USD,MONITOR,Lg Ergo 32UK580-B Monitor 31.5 Pulgadas 4K UHD,lg 32uk580-b,$681.99 El precio original era: $681.99. $619.99 El precio actual es: $619.99.,619.99,543.56,3201.57,10834.57,468.63,https://mtec-ec.com/producto/lg-ergo-32uk580-b-monitor-31-5-pulgadas-4k-uhd/,2026-06-30,2026-08-05
MTEC,Ecuador,USD,MONITOR,MSI MPG 491CQP 49″ QD-OLED 144Hz 0.3ms,msi 491cqp,"$1,765.50 El precio original era: $1,765.50. $1,605.00 El precio actual es: $1,605.00.",1605.0,1407.15,8288.06,28048.02,1213.17,https://mtec-ec.com/producto/msi-mpg-491cqp-49-qd-oled-144hz-0-3ms/,2026-06-30,2026-08-05
MTEC,Ecuador,USD,MONITOR,Oraimo OSW-831N Rose Gold AMOLED 1.32¨,sin_clasificar,$88.00 El precio original era: $88.00. $80.00 El precio actual es: $80.00.,80.0,70.14,413.11,1398.03,60.47,https://mtec-ec.com/producto/oraimo-osw-831n-rose-gold-amoled-1-32%c2%a8/,2026-06-30,2026-08-05
MTEC,Ecuador,USD,MONITOR,ASUS ROG STRIX XG27AQDMES 27″ 240Hz OLED QHD,asus xg27aqdmes,$814.00 El precio original era: $814.00. $740.00 El precio actual es: $740.00.,740.0,648.78,3821.29,12931.8,559.34,https://mtec-ec.com/producto/asus-rog-strix-xg27aqdmes-27-240hz-oled-qhd/,2026-06-30,2026-08-05
MTEC,Ecuador,USD,PERIFERICO,Gamdias Hermes E8 USB Red Switch Teclado Mecánico,sin_clasificar,$33.00 El precio original era: $33.00. $30.00 El precio actual es: $30.00.,30.0,26.3,154.92,524.26,22.68,https://mtec-ec.com/producto/gamdias-hermes-e8-usb-red-switch-teclado-mecanico/,2026-06-30,2026-08-05
MTEC,Ecuador,USD,PERIFERICO,Gamdias Hermes E7 USB Red Switch Teclado Mecánico,sin_clasificar,$44.00 El precio original era: $44.00. $40.00 El precio actual es: $40.00.,40.0,35.07,206.56,699.02,30.23,https://mtec-ec.com/producto/gamdias-hermes-e7-usb-red-switch-teclado-mecanico/,2026-06-30,2026-08-05
MTEC,Ecuador,USD,PERIFERICO,Redragon Horus K618 RGB White Teclado Mecánico,redragon teclado k618,$82.50 El precio original era: $82.50. $75.00 El precio actual es: $75.00.,75.0,65.75,387.29,1310.66,56.69,https://mtec-ec.com/producto/redragon-horus-k618-rgb-white-teclado-mecanico/,2026-06-30,2026-08-05
MTEC,Ecuador,USD,PERIFERICO,Redragon Otiim Magnetic K729 Teclado Gamer UltraMag,redragon teclado k729,$82.50 El precio original era: $82.50. $75.00 El precio actual es: $75.00.,75.0,65.75,387.29,1310.66,56.69,https://mtec-ec.com/producto/redragon-otiim-magnetic-k729-teclado-gamer-ultramag/,2026-06-30,2026-08-05
MTEC,Ecuador,USD,PERIFERICO,Redragon Flekact Pro K708GF RGB PRO Teclado,redragon teclado k708gf,$93.50 El precio original era: $93.50. $85.00 El precio actual es: $85.00.,85.0,74.52,438.93,1485.41,64.25,https://mtec-ec.com/producto/redragon-flekact-pro-k708gf-rgb-pro-teclado-inalambrico/,2026-06-30,2026-08-05
MTEC,Ecuador,USD,PERIFERICO,Redragon Kumara K552 Teclado Mecánico,redragon teclado k552,$55.00 El precio original era: $55.00. $50.00 El precio actual es: $50.00.,50.0,43.84,258.2,873.77,37.79,https://mtec-ec.com/producto/redragon-kumara-k552-teclado-mecanico/,2026-06-30,2026-08-05
MTEC,Ecuador,USD,PERIFERICO,Redragon Ucal Pro K673 Anime Teclado 75% Wireless,redragon teclado k673,$77.00 El precio original era: $77.00. $70.00 El precio actual es: $70.00.,70.0,61.37,361.47,1223.28,52.91,https://mtec-ec.com/producto/redragon-ucal-pro-k673-anime-teclado-75-wireless/,2026-06-30,2026-08-05
MTEC,Ecuador,USD,PERIFERICO,Redragon Olaf K648GG RGB Teclado Gamer Wireless 94 Teclas,redragon teclado k648gg,$104.50 El precio original era: $104.50. $95.00 El precio actual es: $95.00.,95.0,83.29,490.57,1660.16,71.81,https://mtec-ec.com/producto/redragon-olaf-k648gg-rgb-teclado-gamer-wireless-94-teclas/,2026-06-30,2026-08-05
MTEC,Ecuador,USD,PERIFERICO,Redragon Eisa K686AK RGB PRO Teclado Gamer 90%,redragon teclado k686ak,$88.00 El precio original era: $88.00. $80.00 El precio actual es: $80.00.,80.0,70.14,413.11,1398.03,60.47,https://mtec-ec.com/producto/redragon-eisa-k686ak-rgb-pro-teclado-gamer-90/,2026-06-30,2026-08-05
MTEC,Ecuador,USD,PERIFERICO,Redragon Draconic K530 OG Teclado Gamer Wireless 60%,redragon teclado k530,$77.00 El precio original era: $77.00. $70.00 El precio actual es: $70.00.,70.0,61.37,361.47,1223.28,52.91,https://mtec-ec.com/producto/redragon-draconic-k530-og-teclado-gamer-wireless-60/,2026-06-30,2026-08-05
MTEC,Ecuador,USD,PERIFERICO,Redragon FIZZ PRO K616 RGB Teclado Wireless Blanco,redragon teclado k616,$49.50 El precio original era: $49.50. $45.00 El precio actual es: $45.00.,45.0,39.45,232.38,786.39,34.01,https://mtec-ec.com/producto/redragon-fizz-pro-k616-rgb-teclado-wireless-blanco/,2026-06-30,2026-08-05
MTEC,Ecuador,USD,PERIFERICO,Alcatroz X-Craft XC3000 Combo Teclado + Mouse,alcatroz combo xc3000,$14.29 El precio original era: $14.29. $13.00 El precio actual es: $13.00.,13.0,11.4,67.13,227.18,9.83,https://mtec-ec.com/producto/alcatroz-x-craft-xc3000-combo-gamer/,2026-06-30,2026-08-05
MTEC,Ecuador,USD,PERIFERICO,Armaggeddon MKA-7C Black Teclado Mecánico Linear,sin_clasificar,$30.80 El precio original era: $30.80. $28.00 El precio actual es: $28.00.,28.0,24.55,144.59,489.31,21.16,https://mtec-ec.com/producto/armaggeddon-mka-7c-psycheagle-teclado-mecanico-red-switch/,2026-06-30,2026-08-05
MTEC,Ecuador,USD,PERIFERICO,Genius Scorpion KM-GX6 Teclado+Mouse Combo Gamer,sin_clasificar,$19.80 El precio original era: $19.80. $18.00 El precio actual es: $18.00.,18.0,15.78,92.95,314.56,13.61,https://mtec-ec.com/producto/genius-scorpion-km-gx6-tecladomouse-combo-gamer/,2026-06-30,2026-08-05
MTEC,Ecuador,USD,PERIFERICO,Genius KM-160 Combo Teclado + Mouse USB,genius combo km-160,$13.20 El precio original era: $13.20. $12.00 El precio actual es: $12.00.,12.0,10.52,61.97,209.7,9.07,https://mtec-ec.com/producto/genius-km-160-combo-teclado-mouse-usb/,2026-06-30,2026-08-05
MTEC,Ecuador,USD,PERIFERICO,Thunderobot K104 Teclado Mecánico Red Switch,thunderobot teclado k104,$44.00 El precio original era: $44.00. $40.00 El precio actual es: $40.00.,40.0,35.07,206.56,699.02,30.23,https://mtec-ec.com/producto/thunderobot-k104-teclado-mecanico-red-switch/,2026-06-30,2026-08-05
MTEC,Ecuador,USD,PERIFERICO,Thunderobot KG3089C Teclado Negro Mecánico Blue Switch,thunderobot teclado kg3089c,$36.30 El precio original era: $36.30. $33.00 El precio actual es: $33.00.,33.0,28.93,170.41,576.69,24.94,https://mtec-ec.com/producto/thunderobot-kg3089c-teclado-negro-mecanico-blue-switch/,2026-06-30,2026-08-05
MTEC,Ecuador,USD,PERIFERICO,Redragon Aatrox M811 Rgb MMO Mouse 15 Botones,redragon mouse m811,$27.50 El precio original era: $27.50. $25.00 El precio actual es: $25.00.,25.0,21.92,129.1,436.88,18.9,https://mtec-ec.com/producto/redragon-aatrox-m811-rgb-mmo-mouse-15-botones/,2026-06-30,2026-08-05
MTEC,Ecuador,USD,PERIFERICO,Razer DeathAdder V2 X HyperSpeed Mouse Inalámbrico,sin_clasificar,$63.80 El precio original era: $63.80. $58.00 El precio actual es: $58.00.,58.0,50.85,299.51,1013.57,43.84,https://mtec-ec.com/producto/razer-deathadder-v2-x-hyperspeed-mouse-inalambrico/,2026-06-30,2026-08-05
MTEC,Ecuador,USD,PERIFERICO,Redragon Griffin M607 Mouse Gamer RGB 7200 DPI,redragon mouse m607,$19.80 El precio original era: $19.80. $18.00 El precio actual es: $18.00.,18.0,15.78,92.95,314.56,13.61,https://mtec-ec.com/producto/redragon-griffin-m607-mouse-gamer-rgb-7200-dpi/,2026-06-30,2026-08-05
MTEC,Ecuador,USD,PERIFERICO,Redragon K1ng M916 Ultra Mouse 8K Hz 30K Dpi,redragon mouse m916,$71.50 El precio original era: $71.50. $65.00 El precio actual es: $65.00.,65.0,56.99,335.65,1135.9,49.13,https://mtec-ec.com/producto/redragon-k1ng-m916-ultra-mouse-8k-hz-30k-dpi/,2026-06-30,2026-08-05
MTEC,Ecuador,USD,PERIFERICO,Cougar Minos NEO Mouse Gamer 6.2k DPI USB,sin_clasificar,$27.50 El precio original era: $27.50. $25.00 El precio actual es: $25.00.,25.0,21.92,129.1,436.88,18.9,https://mtec-ec.com/producto/cougar-minos-neo-mouse-gamer-6-2k-dpi-usb/,2026-06-30,2026-08-05
MTEC,Ecuador,USD,PERIFERICO,Genius Ergo 8350S Mouse Vertical Wireless,genius mouse 8350s,$19.80 El precio original era: $19.80. $18.00 El precio actual es: $18.00.,18.0,15.78,92.95,314.56,13.61,https://mtec-ec.com/producto/genius-ergo-8350s-mouse-vertical/,2026-06-30,2026-08-05
MTEC,Ecuador,USD,PERIFERICO,Logitech MX Vertical Mouse Ergonómico Vertical,sin_clasificar,$110.00 El precio original era: $110.00. $100.00 El precio actual es: $100.00.,100.0,87.67,516.39,1747.54,75.59,https://mtec-ec.com/producto/logitech-mx-vertical-mouse-ergonomico-vertical-2/,2026-06-30,2026-08-05
MTEC,Ecuador,USD,PERIFERICO,Logitech G203 RGB LightSync Mouse Gamer,logitech mouse g203,$27.50 El precio original era: $27.50. $25.00 El precio actual es: $25.00.,25.0,21.92,129.1,436.88,18.9,https://mtec-ec.com/producto/logitech-g203-prodigy-mouse-gamer/,2026-06-30,2026-08-05
MTEC,Ecuador,USD,PERIFERICO,Hyperx Pulsefire Core RGB Mouse Gamer,sin_clasificar,$27.99 El precio original era: $27.99. $24.99 El precio actual es: $24.99.,24.99,21.91,129.05,436.71,18.89,https://mtec-ec.com/producto/hyperx-pulsefire-core-rgb-mouse-gamer/,2026-06-30,2026-08-05
MTEC,Ecuador,USD,PERIFERICO,Cougar AirBlader Tournament Mouse Gamer 20k Dpi White,cougar mouse 20k,$65.99 El precio original era: $65.99. $59.99 El precio actual es: $59.99.,59.99,52.6,309.78,1048.35,45.34,https://mtec-ec.com/producto/cougar-airblader-tournament-mouse-gamer-20k-dpi-white/,2026-06-30,2026-08-05
MTEC,Ecuador,USD,PERIFERICO,Razer BlackShark V2 X Wh Headset Gamer,sin_clasificar,$77.00 El precio original era: $77.00. $70.00 El precio actual es: $70.00.,70.0,61.37,361.47,1223.28,52.91,https://mtec-ec.com/producto/razer-blackshark-v2-x-wh-headset-gamer/,2026-06-30,2026-08-05
MTEC,Ecuador,USD,PERIFERICO,Redragon Hylas H260 RGB Auriculares Gamer,redragon audifonos h260,$23.10 El precio original era: $23.10. $21.00 El precio actual es: $21.00.,21.0,18.41,108.44,366.98,15.87,https://mtec-ec.com/producto/redragon-hylas-h260-rgb-auriculares-gamer/,2026-06-30,2026-08-05
MTEC,Ecuador,USD,PERIFERICO,Armaggeddon Cosmic III Lite BK Auriculares Inalámbrico,sin_clasificar,$38.50 El precio original era: $38.50. $34.99 El precio actual es: $34.99.,34.99,30.68,180.68,611.46,26.45,https://mtec-ec.com/producto/armaggeddon-cosmic-iii-lite-bk-auriculares-inalambrico-copia/,2026-06-30,2026-08-05
NomadaWare,Ecuador,USD,CPU,PROCESADOR INTEL CORE ULTRA 5 250KF PLUS 5.3GHZ 22TOPS 18+18 LGA 1851,core ultra 5 250kf,$280.00,280.0,245.48,1445.89,4893.11,211.64,https://nomadaware.com.ec/producto/procesador-intel-core-ultra-5-250kf-plus-5-3ghz-22tops-1818-lga-1851/,2026-06-30,2026-08-05
NomadaWare,Ecuador,USD,CPU,PROCESADOR RYZEN 9 9950X3D2 5.6GHZ 16+32 AM5,ryzen 9 9950x3d2,$1290.00,1290.0,1130.98,6661.43,22543.27,975.07,https://nomadaware.com.ec/producto/procesador-ryzen-9-9950x3d2-5-6ghz-am5/,2026-06-30,2026-08-05
NomadaWare,Ecuador,USD,CPU,PROCESADOR INTEL I7 14700 5.4GHZ 20+28 LGA1700 14VA,sin_clasificar,$470.00,470.0,412.06,2427.03,8213.44,355.26,https://nomadaware.com.ec/producto/procesador-intel-core-i7-14700-5-4ghz/,2026-06-30,2026-08-05
NomadaWare,Ecuador,USD,CPU,PROCESADOR INTEL CORE ULTRA 5 225 4.9GHZ 19TOPS 10+10 LGA 1851,core ultra 5 225,$260.00,260.0,227.95,1342.61,4543.6,196.53,https://nomadaware.com.ec/producto/procesador-intel-core-ultra-5-225/,2026-06-30,2026-08-05
NomadaWare,Ecuador,USD,CPU,PROCESADOR AMD RYZEN 5 9600 5.2GHZ 6+12 AM5,ryzen 5 9600 5,$300.00,300.0,263.02,1549.17,5242.62,226.76,https://nomadaware.com.ec/producto/procesador-amd-ryzen-5-9600-am5/,2026-06-30,2026-08-05
NomadaWare,Ecuador,USD,CPU,PROCESADOR AMD RYZEN 9 5900XT 4.8GHZ 16+32 AM4,ryzen 9 5900xt,$490.00,490.0,429.6,2530.31,8562.95,370.38,https://nomadaware.com.ec/producto/procesador-amd-ryzen-9-5900xt-am4/,2026-06-30,2026-08-05
NomadaWare,Ecuador,USD,CPU,PROCESADOR AMD RYZEN 9 9900X3D 5.5GHZ 12+24 AM5,ryzen 9 9900x3d,$780.00,780.0,683.85,4027.84,13630.81,589.58,https://nomadaware.com.ec/producto/amd-ryzen-9-9900x3d-5-5ghz-am5/,2026-06-30,2026-08-05
NomadaWare,Ecuador,USD,CPU,PROCESADOR AMD RYZEN 9 9950X3D 5.7GHZ 16+32 AM5,ryzen 9 9950x3d,$950.00,950.0,832.89,4905.7,16601.63,718.08,https://nomadaware.com.ec/producto/amd-ryzen-9-9950x3d-5-7ghz-1632-am5/,2026-06-30,2026-08-05
NomadaWare,Ecuador,USD,CPU,PROCESADOR AMD RYZEN 7 8700F 5GHZ 8+16 AM5,ryzen 7 8700f,$300.00,300.0,263.02,1549.17,5242.62,226.76,https://nomadaware.com.ec/producto/amd-ryzen-7-8700f-5ghz-816-am5/,2026-06-30,2026-08-05
NomadaWare,Ecuador,USD,CPU,PROCESADOR INTEL CORE ULTRA 5 225F 4.9GHZ 19TOPS 10+10 LGA 1851,core ultra 5 225f,$230.00,230.0,201.65,1187.7,4019.34,173.85,https://nomadaware.com.ec/producto/intel-core-ultra-5-225f-lga-1851/,2026-06-30,2026-08-05
NomadaWare,Ecuador,USD,CPU,PROCESADOR INTEL CORE ULTRA 9 285K 5.7GHZ 36TOPS 24+24 LGA 1851,core ultra 9 285k,$820.00,820.0,718.92,4234.4,14329.83,619.81,https://nomadaware.com.ec/producto/procesador-intel-core-ultra-9-285k/,2026-06-30,2026-08-05
NomadaWare,Ecuador,USD,CPU,PROCESADOR AMD RYZEN 5 8400F 6+12 4.7GHZ,ryzen 5 8400f,$200.00,200.0,175.35,1032.78,3495.08,151.17,https://nomadaware.com.ec/producto/procesador-amd-ryzen-5-8400f-612-4-7ghz/,2026-06-30,2026-08-05
NomadaWare,Ecuador,USD,CPU,PROCESADOR INTEL CORE ULTRA 7 265KF 5.5GHZ 33TOPS 20+20 LGA 1851,core ultra 7 265kf,$430.00,430.0,376.99,2220.48,7514.42,325.02,https://nomadaware.com.ec/producto/procesador-intel-core-ultra-7-265kf/,2026-06-30,2026-08-05
NomadaWare,Ecuador,USD,CPU,PROCESADOR AMD RYZEN 9 9900X 5.6GHZ 12+24 AM5,ryzen 9 9900x,$550.00,550.0,482.2,2840.14,9611.47,415.73,https://nomadaware.com.ec/producto/procesador-amd-ryzen-9-9900x/,2026-06-30,2026-08-05
NomadaWare,Ecuador,USD,CPU,PROCESADOR AMD RYZEN 5 9600X 5.4GHZ 6+12 AM5,ryzen 5 9600x,$300.00,300.0,263.02,1549.17,5242.62,226.76,https://nomadaware.com.ec/producto/procesador-amd-ryzen-5-9600x-5-4ghz/,2026-06-30,2026-08-05
NomadaWare,Ecuador,USD,CPU,PROCESADOR AMD RYZEN 5 8500G RADEON 740M,ryzen 5 8500g,$180.00,180.0,157.81,929.5,3145.57,136.06,https://nomadaware.com.ec/producto/procesador-ryzen-5-8500g-radeon-740m/,2026-06-30,2026-08-05
NomadaWare,Ecuador,USD,CPU,PROCESADOR AMD RYZEN 7 8700G 8+16 5.1GHZ +RADEON 780M,ryzen 7 8700g,$300.00,300.0,263.02,1549.17,5242.62,226.76,https://nomadaware.com.ec/producto/amd-ryzen-7-8700g-5-1ghz-radeon-780m/,2026-06-30,2026-08-05
NomadaWare,Ecuador,USD,CPU,PROCESADOR AMD RYZEN 5 8600G 6+12 5.0GHZ +RADEON 760M,ryzen 5 8600g,$220.00,220.0,192.88,1136.06,3844.59,166.29,https://nomadaware.com.ec/producto/amd-ryzen-5-8600g-5-0ghz-radeon-760m/,2026-06-30,2026-08-05
NomadaWare,Ecuador,USD,CPU,PROCESADOR AMD RYZEN 7 7700 5.3GHZ 8+16 AM5,ryzen 7 7700 5,$390.00,390.0,341.92,2013.92,6815.41,294.79,https://nomadaware.com.ec/producto/procesador-amd-ryzen-7-7700-5-3ghz-am5/,2026-06-30,2026-08-05
NomadaWare,Ecuador,USD,GPU,TARJETA DE VIDEO ZOTAC AMP EXTREME INFINITY GEFORCE RTX 5080 16GB GDDR7,rtx 5080 16gb,$2357.50 El precio original era: $2357.50. $2049.99 El precio actual es: $2049.99.,2049.99,1797.29,10585.94,35824.4,1549.53,https://nomadaware.com.ec/producto/tarjeta-de-video-zotac-amp-extreme-infinity-geforce-rtx-5080-16gb-gddr7/,2026-06-30,2026-08-05
NomadaWare,Ecuador,USD,GPU,TARJETA DE VIDEO GIGABYTE EAGLE GEFORCE RTX 5060 8GB OC GDDR7,rtx 5060 8gb,$575.00 El precio original era: $575.00. $499.99 El precio actual es: $499.99.,499.99,438.36,2581.9,8737.53,377.93,https://nomadaware.com.ec/producto/tarjeta-de-video-gigabyte-eagle-geforce-rtx-5060-8gb-oc-gddr7/,2026-06-30,2026-08-05
NomadaWare,Ecuador,USD,GPU,TARJETA DE VIDEO GIGABYTE EAGLE ICE GEFORCE RTX 5060 8GB OC GDDR7,rtx 5060 8gb,$586.50 El precio original era: $586.50. $509.99 El precio actual es: $509.99.,509.99,447.12,2633.54,8912.28,385.49,https://nomadaware.com.ec/producto/tarjeta-de-video-gigabyte-eagle-ice-geforce-rtx-5060-8gb-oc-gddr7/,2026-06-30,2026-08-05
NomadaWare,Ecuador,USD,GPU,TARJETA DE VIDEO GIGABYTE WINDFORCE V2 GEFORCE RTX 5050 8GB OC GDDR6,rtx 5050 8gb,$483.00 El precio original era: $483.00. $419.99 El precio actual es: $419.99.,419.99,368.22,2168.79,7339.49,317.46,https://nomadaware.com.ec/producto/tarjeta-de-video-gigabyte-windforce-v2-geforce-rtx-5050-8gb-oc-gddr6/,2026-06-30,2026-08-05
NomadaWare,Ecuador,USD,GPU,TARJETA DE VIDEO ASUS DUAL EVO GEFORCE RTX 5060 TI 16GB OC,rtx 5060 ti 16gb,$885.50 El precio original era: $885.50. $769.99 El precio actual es: $769.99.,769.99,675.07,3976.15,13455.88,582.01,https://nomadaware.com.ec/producto/asus-dual-evo-geforce-rtx-5060-ti-16gb/,2026-06-30,2026-08-05
NomadaWare,Ecuador,USD,GPU,TARJETA DE VIDEO ZOTAC AMP EXTREME INFINITY GEFORCE RTX 5090 32GB GDDR7,rtx 5090 32gb,$4588.50 El precio original era: $4588.50. $3989.99 El precio actual es: $3989.99.,3989.99,3498.14,20603.91,69726.67,3015.91,https://nomadaware.com.ec/producto/zotac-amp-extreme-infinity-rtx-5090-32g/,2026-06-30,2026-08-05
NomadaWare,Ecuador,USD,GPU,TARJETA DE VIDEO MSI LIGHTNING Z GEFORCE RTX 5090 32GB GDDR7,rtx 5090 32gb,$8038.50 El precio original era: $8038.50. $6989.99 El precio actual es: $6989.99.,6989.99,6128.33,36095.61,122152.87,5283.52,https://nomadaware.com.ec/producto/msi-geforce-rtx-5090-32g-lightning-z/,2026-06-30,2026-08-05
NomadaWare,Ecuador,USD,GPU,TARJETA DE VIDEO XFX SWIFT AMD RADEON RX 9070 XT 16GB GDDR6,rx 9070 xt,$1322.50 El precio original era: $1322.50. $1149.99 El precio actual es: $1149.99.,1149.99,1008.23,5938.43,20096.54,869.24,https://nomadaware.com.ec/producto/xfx-swift-amd-radeon-rx-9070-xt-16gb/,2026-06-30,2026-08-05
NomadaWare,Ecuador,USD,GPU,TARJETA DE VIDEO XFX SWIFT WHITE RADEON RX 9060 XT 16GB OC GDDR6,rx 9060 xt,$805.00 El precio original era: $805.00. $699.99 El precio actual es: $699.99.,699.99,613.7,3614.68,12232.61,529.1,https://nomadaware.com.ec/producto/xfx-swift-amd-radeon-rx-9060-xt-16gb-oc-wh/,2026-06-30,2026-08-05
NomadaWare,Ecuador,USD,GPU,TARJETA DE VIDEO XFX SWIFT AMD RADEON RX 9060 XT 16GB OC GDDR6,rx 9060 xt,$793.50 El precio original era: $793.50. $689.99 El precio actual es: $689.99.,689.99,604.93,3563.04,12057.85,521.54,https://nomadaware.com.ec/producto/xfx-swift-amd-radeon-rx-9060-xt-16gb-oc/,2026-06-30,2026-08-05
NomadaWare,Ecuador,USD,GPU,TARJETA DE VIDEO MSI GAMING TRIO WHITE GEFORCE RTX 5080 16GB OC GDDR7,rtx 5080 16gb,$2415.00 El precio original era: $2415.00. $2099.99 El precio actual es: $2099.99.,2099.99,1841.12,10844.14,36698.17,1587.32,https://nomadaware.com.ec/producto/msi-gaming-trio-white-geforce-rtx-5080-16gb-oc-gddr7/,2026-06-30,2026-08-05
NomadaWare,Ecuador,USD,GPU,TARJETA DE VIDEO MSI CYCLONE GEFORCE RTX 5060 8GB OC GDDR7,rtx 5060 8gb,$552.00 El precio original era: $552.00. $479.99 El precio actual es: $479.99.,479.99,420.82,2478.62,8388.02,362.81,https://nomadaware.com.ec/producto/msi-cyclone-geforce-rtx-5060-8gb-oc/,2026-06-30,2026-08-05
NomadaWare,Ecuador,USD,GPU,TARJETA DE VIDEO ZOTAC TWIN EDGE NVIDIA RTX 5050 8GB OC GDDR6,rtx 5050 8gb,$460.00 El precio original era: $460.00. $399.99 El precio actual es: $399.99.,399.99,350.68,2065.51,6989.99,302.34,https://nomadaware.com.ec/producto/zotac-rtx-5050-8gb-edge-oc-gddr6/,2026-06-30,2026-08-05
NomadaWare,Ecuador,USD,GPU,TARJETA DE VIDEO ASUS DUAL GEFORCE RTX 5050 8GB GDDR6 OC,rtx 5050 8gb,$471.50 El precio original era: $471.50. $409.99 El precio actual es: $409.99.,409.99,359.45,2117.15,7164.74,309.9,https://nomadaware.com.ec/producto/tarjeta-de-video-asus-dual-nvidia-rtx-5050-8gb-gddr6-oc/,2026-06-30,2026-08-05
NomadaWare,Ecuador,USD,GPU,TARJETA DE VIDEO ASROCK STEEL LEGEND AMD RADEON RX 9060 XT 8GB OC GDDR6,rx 9060 xt,$598.00 El precio original era: $598.00. $519.99 El precio actual es: $519.99.,519.99,455.89,2685.18,9087.03,393.04,https://nomadaware.com.ec/producto/tarjeta-de-video-asrock-steel-legend-amd-radeon-rx-9060-xt-8gb-oc-gddr6/,2026-06-30,2026-08-05
NomadaWare,Ecuador,USD,GPU,TARJETA DE VIDEO ASUS PRIME GEFORCE RTX 5070 12GB OC GDDR7,rtx 5070 12gb,$1092.50 El precio original era: $1092.50. $949.99 El precio actual es: $949.99.,949.99,832.88,4905.65,16601.46,718.07,https://nomadaware.com.ec/producto/tarjeta-de-video-asus-prime-rtx-5070-12gb-oc-gddr7/,2026-06-30,2026-08-05
NomadaWare,Ecuador,USD,GPU,TARJETA DE VIDEO MSI VENTUS 3X GEFORCE RTX 5060 8GB OC GDDR7,rtx 5060 8gb,$598.00 El precio original era: $598.00. $519.99 El precio actual es: $519.99.,519.99,455.89,2685.18,9087.03,393.04,https://nomadaware.com.ec/producto/tarjeta-de-video-msi-ventus-3x-nvidia-rtx-5060-8gb-oc-gddr7/,2026-06-30,2026-08-05
NomadaWare,Ecuador,USD,GPU,TARJETA DE VIDEO GIGABYTE EAGLE ICE NVIDIA RTX 5060 TI 16GB OC GDDR7,rtx 5060 ti 16gb,$908.50 El precio original era: $908.50. $789.99 El precio actual es: $789.99.,789.99,692.61,4079.43,13805.39,597.13,https://nomadaware.com.ec/producto/gigabyte-eagle-ice-rtx-5060-ti-16gb-oc/,2026-06-30,2026-08-05
NomadaWare,Ecuador,USD,GPU,TARJETA DE VIDEO ASUS ROG ASTRAL NVIDIA RTX 5090 32GB OC GDDR7,rtx 5090 32gb,$5163.50 El precio original era: $5163.50. $4489.99 El precio actual es: $4489.99.,4489.99,3936.51,23185.86,78464.37,3393.85,https://nomadaware.com.ec/producto/asus-rog-astral-rtx-5090-32gb-oc-gddr7/,2026-06-30,2026-08-05
NomadaWare,Ecuador,USD,GPU,TARJETA DE VIDEO GIGABYTE GAMING AMD RADEON RX 9070 16GB OC GDDR6,rx 9070 16gb,$1150.00 El precio original era: $1150.00. $999.99 El precio actual es: $999.99.,999.99,876.72,5163.85,17475.23,755.86,https://nomadaware.com.ec/producto/gigabyte-amd-radeon-rx-9070-16gb-oc/,2026-06-30,2026-08-05
NomadaWare,Ecuador,USD,GPU,TARJETA DE VIDEO ASUS TUF GEFORCE RTX 5070 12GB OC GDDR7,rtx 5070 12gb,$1207.50 El precio original era: $1207.50. $1049.99 El precio actual es: $1049.99.,1049.99,920.56,5422.04,18349.0,793.66,https://nomadaware.com.ec/producto/gpu-asus-tuf-rtx-5070-12gb-oc-gddr7/,2026-06-30,2026-08-05
NomadaWare,Ecuador,USD,GPU,TARJETA DE VIDEO GIGABYTE GAMING GEFORCE RTX 5070 TI 16GB OC GDDR7,rtx 5070 ti 16gb,$1667.50 El precio original era: $1667.50. $1449.99 El precio actual es: $1449.99.,1449.99,1271.25,7487.6,25339.16,1096.0,https://nomadaware.com.ec/producto/gpu-gigabyte-gaming-rtx-5070-ti-16gb-oc/,2026-06-30,2026-08-05
NomadaWare,Ecuador,USD,GPU,TARJETA DE VIDEO GIGABYTE AORUS ELITE AMD RADEON RX 9070 XT 16GB OC,rx 9070 xt,$1368.50 El precio original era: $1368.50. $1189.99 El precio actual es: $1189.99.,1189.99,1043.3,6144.99,20795.55,899.48,https://nomadaware.com.ec/producto/gpu-gigabyte-aorus-elite-amd-radeon-rx-9070-xt-16gb-oc/,2026-06-30,2026-08-05
NomadaWare,Ecuador,USD,GPU,TARJETA DE VIDEO GIGABYTE AERO SFF NVIDIA RTX 5080 16GB OC GDDR7,rtx 5080 16gb,$2300.00 El precio original era: $2300.00. $1999.99 El precio actual es: $1999.99.,1999.99,1753.45,10327.75,34950.63,1511.73,https://nomadaware.com.ec/producto/gpu-gigabyte-aero-sff-rtx-5080-16gb-oc/,2026-06-30,2026-08-05
NomadaWare,Ecuador,USD,GPU,TARJETA DE VIDEO ASUS ROG ASTRAL GEFORCE RTX 5080 16GB OC GDDR7,rtx 5080 16gb,$2748.50 El precio original era: $2748.50. $2389.99 El precio actual es: $2389.99.,2389.99,2095.38,12341.67,41766.03,1806.52,https://nomadaware.com.ec/producto/asus-rog-astral-rtx-5080-16gb-oc-gddr7/,2026-06-30,2026-08-05
NomadaWare,Ecuador,USD,GPU,TARJETA DE VIDEO ASUS TUF GEFORCE RTX 4070 TI SUPER BTF WHITE OC EDITION 16GB GDDR6X,rtx 4070 ti,$1437.50 El precio original era: $1437.50. $1249.99 El precio actual es: $1249.99.,1249.99,1095.9,6454.82,21844.08,944.83,https://nomadaware.com.ec/producto/asus-tuf-gaming-rtx-4070-ti-super-btf/,2026-06-30,2026-08-05
NomadaWare,Ecuador,USD,GPU,TARJETA DE VIDEO GIGABYTE AORUS XTREME RADEON RX 6900 XT 16GB GDDR6,rx 6900 xt,$1550.00 El precio original era: $1550.00. $790.90 El precio actual es: $790.90.,790.9,693.41,4084.13,13821.29,597.82,https://nomadaware.com.ec/producto/gpu-aorus-xtreme-radeon-rx-6900-xt-12gb/,2026-06-30,2026-08-05
NomadaWare,Ecuador,USD,GPU,TARJETA DE RED PCIE X1 TP-LINK TL-WN881ND,sin_clasificar,$15.00,15.0,13.15,77.46,262.13,11.34,https://nomadaware.com.ec/producto/adaptador-tp-link-tl-wn881nd/,2026-06-30,2026-08-05
NomadaWare,Ecuador,USD,RAM,8GB RAM SO-DIMM DDR5 KINGSTON KCP 5600MTS CL46,kingston 8gb ddr5 sodimm 5600mhz,$110.00,110.0,96.44,568.03,1922.29,83.15,https://nomadaware.com.ec/producto/8gb-so-dimm-kingston-ddr5-5600mt-s-cl46/,2026-06-30,2026-08-05
NomadaWare,Ecuador,USD,RAM,32GB RAM SO-DIMM DDR5 KINGSTON FURY IMPACT 5600MTS CL40,kingston 32gb ddr5 sodimm fury 5600mhz,$400.00,400.0,350.69,2065.56,6990.16,302.35,https://nomadaware.com.ec/producto/32gb-so-dimm-ddr5-kingston-fury-impact/,2026-06-30,2026-08-05
NomadaWare,Ecuador,USD,RAM,16GB RAM SO-DIMM DDR5 KINGSTON FURY IMPACT 5600MTS CL40,kingston 16gb ddr5 sodimm fury 5600mhz,$200.00,200.0,175.35,1032.78,3495.08,151.17,https://nomadaware.com.ec/producto/16gb-so-dimm-ddr5-kingston-fury-impact/,2026-06-30,2026-08-05
NomadaWare,Ecuador,USD,RAM,16GB RAM DDR4 CORSAIR VENGEANCE LPX 3200MHZ CL16,corsair 16gb ddr4 vengeance 3200mhz,$180.00,180.0,157.81,929.5,3145.57,136.06,https://nomadaware.com.ec/producto/16gb-ram-ddr4-corsair-vengeance-lpx-3200mhz-cl16/,2026-06-30,2026-08-05
NomadaWare,Ecuador,USD,RAM,16GB RAM DDR5 XPG LANCER BLADE BLACK 6000MTS CL48,xpg 16gb ddr5 lancer 6000mhz,$310.50 El precio original era: $310.50. $270.00 El precio actual es: $270.00.,270.0,236.72,1394.25,4718.36,204.08,https://nomadaware.com.ec/producto/16gb-ddr5-xpg-lancer-blade-6000mts-cl48/,2026-06-30,2026-08-05
NomadaWare,Ecuador,USD,RAM,8GB SO-DIMM DDR4 KINGSTON 3200MHZ CL22,kingston 8gb ddr4 sodimm 3200mhz,$100.00,100.0,87.67,516.39,1747.54,75.59,https://nomadaware.com.ec/producto/8gb-ddr4-so-dimm-kingston-3200mhz-cl22/,2026-06-30,2026-08-05
NomadaWare,Ecuador,USD,MONITOR,MONITOR ULTRAWIDE CURVO SAMSUNG ODYSSEY OLED G9 G91SD,samsung g91sd,$1552.50 El precio original era: $1552.50. $1349.99 El precio actual es: $1349.99.,1349.99,1183.58,6971.21,23591.62,1020.42,https://nomadaware.com.ec/producto/monitor-ultrawide-curvo-samsung-odyssey-oled-g9-g91sd/,2026-06-30,2026-08-05
NomadaWare,Ecuador,USD,MONITOR,MONITOR ULTRAWIDE CURVO SAMSUNG VIEWFINITY S6 S65UC,samsung s65uc,$747.50 El precio original era: $747.50. $649.99 El precio actual es: $649.99.,649.99,569.87,3356.48,11358.84,491.31,https://nomadaware.com.ec/producto/monitor-ultrawide-curvo-samsung-viewfinity-s6-s65uc/,2026-06-30,2026-08-05
NomadaWare,Ecuador,USD,MONITOR,MONITOR PORTATIL VIEWSONIC VA1653,sin_clasificar,$138.00 El precio original era: $138.00. $119.99 El precio actual es: $119.99.,119.99,105.2,619.62,2096.87,90.7,https://nomadaware.com.ec/producto/monitor-portatil-viewsonic-va1653/,2026-06-30,2026-08-05
NomadaWare,Ecuador,USD,MONITOR,MONITOR LG ULTRAGEAR 27G411A,lg 27g411a,$230.00 El precio original era: $230.00. $199.99 El precio actual es: $199.99.,199.99,175.34,1032.73,3494.91,151.17,https://nomadaware.com.ec/producto/monitor-lg-ultragear-27g411a/,2026-06-30,2026-08-05
NomadaWare,Ecuador,USD,MONITOR,MONITOR GIGABYTE GS24F14,gigabyte gs24f14,$230.00 El precio original era: $230.00. $199.99 El precio actual es: $199.99.,199.99,175.34,1032.73,3494.91,151.17,https://nomadaware.com.ec/producto/monitor-gigabyte-gs24f14/,2026-06-30,2026-08-05
NomadaWare,Ecuador,USD,MONITOR,MONITOR INDURAMA VORTIXNOVA 25,sin_clasificar,$172.50 El precio original era: $172.50. $149.99 El precio actual es: $149.99.,149.99,131.5,774.53,2621.14,113.37,https://nomadaware.com.ec/producto/monitor-indurama-vortixnova-25/,2026-06-30,2026-08-05
NomadaWare,Ecuador,USD,MONITOR,MONITOR SAMSUNG ODYSSEY G6 G60F,samsung g60f,$598.00 El precio original era: $598.00. $519.99 El precio actual es: $519.99.,519.99,455.89,2685.18,9087.03,393.04,https://nomadaware.com.ec/producto/monitor-samsung-odyssey-g6-g60f/,2026-06-30,2026-08-05
NomadaWare,Ecuador,USD,MONITOR,MONITOR MSI MPG 321URX QD-OLED,msi 321urx,$1782.50 El precio original era: $1782.50. $1549.99 El precio actual es: $1549.99.,1549.99,1358.92,8003.99,27086.7,1171.59,https://nomadaware.com.ec/producto/monitor-msi-mpg-321urx-qd-oled/,2026-06-30,2026-08-05
NomadaWare,Ecuador,USD,MONITOR,MONITOR CURVO TEROS TE-2767G,teros te-2767g,$333.50 El precio original era: $333.50. $289.99 El precio actual es: $289.99.,289.99,254.24,1497.48,5067.69,219.19,https://nomadaware.com.ec/producto/monitor-curvo-teros-te-2767g/,2026-06-30,2026-08-05
NomadaWare,Ecuador,USD,MONITOR,MONITOR CURVO TEROS TE-3219G,teros te-3219g,$345.00 El precio original era: $345.00. $299.99 El precio actual es: $299.99.,299.99,263.01,1549.12,5242.45,226.75,https://nomadaware.com.ec/producto/monitor-curvo-teros-te-3219g/,2026-06-30,2026-08-05
NomadaWare,Ecuador,USD,MONITOR,MONITOR ACER K202Q BI,acer k202q,$92.00 El precio original era: $92.00. $79.99 El precio actual es: $79.99.,79.99,70.13,413.06,1397.86,60.46,https://nomadaware.com.ec/producto/monitor-acer-k202q-bi/,2026-06-30,2026-08-05
NomadaWare,Ecuador,USD,MONITOR,MONITOR LG ULTRAGEAR 24G411A,lg 24g411a,$207.00 El precio original era: $207.00. $179.99 El precio actual es: $179.99.,179.99,157.8,929.45,3145.4,136.05,https://nomadaware.com.ec/producto/monitor-lg-ultragear-24g411a/,2026-06-30,2026-08-05
NomadaWare,Ecuador,USD,MONITOR,MONITOR MSI G242L E14,msi g242l,$241.50 El precio original era: $241.50. $209.99 El precio actual es: $209.99.,209.99,184.1,1084.37,3669.66,158.73,https://nomadaware.com.ec/producto/monitor-msi-g242l-e14/,2026-06-30,2026-08-05
NomadaWare,Ecuador,USD,MONITOR,MONITOR INDURAMA VORTIXNOVA 27,sin_clasificar,$195.50 El precio original era: $195.50. $169.99 El precio actual es: $169.99.,169.99,149.04,877.81,2970.64,128.49,https://nomadaware.com.ec/producto/monitor-indurama-vortixnova-27/,2026-06-30,2026-08-05
NomadaWare,Ecuador,USD,MONITOR,MONITOR ASUS TUF VG259QM5A,asus vg259qm5a,$287.50 El precio original era: $287.50. $249.99 El precio actual es: $249.99.,249.99,219.17,1290.92,4368.68,188.96,https://nomadaware.com.ec/producto/monitor-asus-tuf-vg259qm5a/,2026-06-30,2026-08-05
NomadaWare,Ecuador,USD,MONITOR,MONITOR ASUS ROG STRIX XG27AQDMES OLED,asus xg27aqdmes,$862.50 El precio original era: $862.50. $749.99 El precio actual es: $749.99.,749.99,657.54,3872.87,13106.38,566.89,https://nomadaware.com.ec/producto/monitor-asus-rog-strix-oled-xg27aqdmes/,2026-06-30,2026-08-05
NomadaWare,Ecuador,USD,MONITOR,MONITOR ASUS ZENSCREEN MS32UC GOOGLE TV,asus ms32uc,$1092.52 El precio original era: $1092.52. $949.99 El precio actual es: $949.99.,949.99,832.88,4905.65,16601.46,718.07,https://nomadaware.com.ec/producto/monitor-asus-zenscreen-smart-ms32uc/,2026-06-30,2026-08-05
NomadaWare,Ecuador,USD,MONITOR,MONITOR ULTRAWIDE LG 34U511A,lg 34u511a,$586.50 El precio original era: $586.50. $509.99 El precio actual es: $509.99.,509.99,447.12,2633.54,8912.28,385.49,https://nomadaware.com.ec/producto/monitor-ultrawide-lg-34u511a/,2026-06-30,2026-08-05
NomadaWare,Ecuador,USD,MONITOR,MONITOR ASUS PROART PA248QFV,asus pa248qfv,$379.50 El precio original era: $379.50. $329.99 El precio actual es: $329.99.,329.99,289.31,1704.04,5766.71,249.43,https://nomadaware.com.ec/producto/monitor-asus-proart-pa248qfv/,2026-06-30,2026-08-05
NomadaWare,Ecuador,USD,MONITOR,MONITOR ASUS PROART PA278QGV,asus pa278qgv,$448.50 El precio original era: $448.50. $389.99 El precio actual es: $389.99.,389.99,341.92,2013.87,6815.23,294.78,https://nomadaware.com.ec/producto/monitor-asus-proart-pa278qgv/,2026-06-30,2026-08-05
NomadaWare,Ecuador,USD,MONITOR,MONITOR GIGABYTE MO27Q28G WOLED,gigabyte mo27q28g,$908.50 El precio original era: $908.50. $789.99 El precio actual es: $789.99.,789.99,692.61,4079.43,13805.39,597.13,https://nomadaware.com.ec/producto/monitor-gigabyte-mo27q28g-woled/,2026-06-30,2026-08-05
NomadaWare,Ecuador,USD,MONITOR,MONITOR GIGABYTE M27Q2 QD ICE,gigabyte m27q2,$517.50 El precio original era: $517.50. $449.99 El precio actual es: $449.99.,449.99,394.52,2323.7,7863.76,340.13,https://nomadaware.com.ec/producto/monitor-gigabyte-m27q2-qd-ice/,2026-06-30,2026-08-05
NomadaWare,Ecuador,USD,MONITOR,MONITOR GIGABYTE GS25F2A,gigabyte gs25f2a,$276.00 El precio original era: $276.00. $239.99 El precio actual es: $239.99.,239.99,210.41,1239.28,4193.92,181.4,https://nomadaware.com.ec/producto/monitor-gigabyte-gs25f2a/,2026-06-30,2026-08-05
NomadaWare,Ecuador,USD,MONITOR,MONITOR ASUS TUF VG249Q5R,asus vg249q5r,$276.00 El precio original era: $276.00. $239.99 El precio actual es: $239.99.,239.99,210.41,1239.28,4193.92,181.4,https://nomadaware.com.ec/producto/monitor-asus-tuf-vg249q5r/,2026-06-30,2026-08-05
NomadaWare,Ecuador,USD,MONITOR,MONITOR ASUS TUF VG279QM5A,asus vg279qm5a,$333.50 El precio original era: $333.50. $289.99 El precio actual es: $289.99.,289.99,254.24,1497.48,5067.69,219.19,https://nomadaware.com.ec/producto/monitor-asus-tuf-vg279qm5a/,2026-06-30,2026-08-05
NomadaWare,Ecuador,USD,MONITOR,MONITOR CURVO CORSAIR XENEON 34WQHD240-C QD-OLED,corsair 34wqhd240-c,$1552.50 El precio original era: $1552.50. $1349.99 El precio actual es: $1349.99.,1349.99,1183.58,6971.21,23591.62,1020.42,https://nomadaware.com.ec/producto/monitor-corsair-xeneon-34wqhd240-c-oled/,2026-06-30,2026-08-05
NomadaWare,Ecuador,USD,MONITOR,MONITOR CURVO TEROS TE-3412G,teros te-3412g,$506.00 El precio original era: $506.00. $439.99 El precio actual es: $439.99.,439.99,385.75,2272.06,7689.0,332.58,https://nomadaware.com.ec/producto/monitor-curvo-teros-te-3412g/,2026-06-30,2026-08-05
NomadaWare,Ecuador,USD,MONITOR,MONITOR TEROS TE-2754G,teros te-2754g,$345.00 El precio original era: $345.00. $299.99 El precio actual es: $299.99.,299.99,263.01,1549.12,5242.45,226.75,https://nomadaware.com.ec/producto/monitor-teros-te-2754g/,2026-06-30,2026-08-05
NomadaWare,Ecuador,USD,MONITOR,MONITOR PORTATIL ASUS ZENSCREEN MB169CK,asus mb169ck,$140.00,140.0,122.74,722.95,2446.56,105.82,https://nomadaware.com.ec/producto/monitor-portatil-asus-zenscreen-mb169ck/,2026-06-30,2026-08-05
NomadaWare,Ecuador,USD,MONITOR,MONITOR CURVO ULTRAWIDE LG 34WR50QK-B,lg 34wr50qk-b,$598.00 El precio original era: $598.00. $519.99 El precio actual es: $519.99.,519.99,455.89,2685.18,9087.03,393.04,https://nomadaware.com.ec/producto/monitor-curvo-ultrawide-lg-34wr50qk-b/,2026-06-30,2026-08-05
NomadaWare,Ecuador,USD,MONITOR,MONITOR TEROS TE-2786G,teros te-2786g,$264.50 El precio original era: $264.50. $229.99 El precio actual es: $229.99.,229.99,201.64,1187.65,4019.17,173.84,https://nomadaware.com.ec/producto/monitor-teros-te-2786g/,2026-06-30,2026-08-05
NomadaWare,Ecuador,USD,MONITOR,MONITOR TEROS TE-2417S,teros te-2417s,$207.00 El precio original era: $207.00. $179.99 El precio actual es: $179.99.,179.99,157.8,929.45,3145.4,136.05,https://nomadaware.com.ec/producto/monitor-teros-te-2417s/,2026-06-30,2026-08-05
NomadaWare,Ecuador,USD,MONITOR,MONITOR TEROS TE-2714S,teros te-2714s,$218.50 El precio original era: $218.50. $189.99 El precio actual es: $189.99.,189.99,166.57,981.09,3320.15,143.61,https://nomadaware.com.ec/producto/monitor-teros-te-2714s/,2026-06-30,2026-08-05
NomadaWare,Ecuador,USD,MONITOR,MONITOR GIGABYTE GS25F2,gigabyte gs25f2,$253.00 El precio original era: $253.00. $219.99 El precio actual es: $219.99.,219.99,192.87,1136.01,3844.41,166.28,https://nomadaware.com.ec/producto/monitor-gigabyte-gs25f2/,2026-06-30,2026-08-05
NomadaWare,Ecuador,USD,MONITOR,MONITOR GIGABYTE GS27QA,gigabyte gs27qa,$345.00 El precio original era: $345.00. $299.99 El precio actual es: $299.99.,299.99,263.01,1549.12,5242.45,226.75,https://nomadaware.com.ec/producto/monitor-gigabyte-gs27qa-2/,2026-06-30,2026-08-05
NomadaWare,Ecuador,USD,MONITOR,MONITOR GIGABYTE GS27FA,gigabyte gs27fa,$287.50 El precio original era: $287.50. $249.99 El precio actual es: $249.99.,249.99,219.17,1290.92,4368.68,188.96,https://nomadaware.com.ec/producto/monitor-gigabyte-gs27fa/,2026-06-30,2026-08-05
NomadaWare,Ecuador,USD,MONITOR,MONITOR CURVO MSI MAG 242C,msi 242c,$276.00 El precio original era: $276.00. $239.99 El precio actual es: $239.99.,239.99,210.41,1239.28,4193.92,181.4,https://nomadaware.com.ec/producto/monitor-curvo-msi-mag-242c/,2026-06-30,2026-08-05
NomadaWare,Ecuador,USD,MONITOR,MONITOR ASROCK PG27FFT1A,asrock pg27fft1a,$356.50 El precio original era: $356.50. $309.99 El precio actual es: $309.99.,309.99,271.78,1600.76,5417.2,234.31,https://nomadaware.com.ec/producto/monitor-asrock-pg27fft1a/,2026-06-30,2026-08-05
NomadaWare,Ecuador,USD,MONITOR,MONITOR ASROCK PG25FFT,asrock pg25fft,$322.00 El precio original era: $322.00. $279.99 El precio actual es: $279.99.,279.99,245.48,1445.84,4892.94,211.64,https://nomadaware.com.ec/producto/monitor-asrock-pg25fft-ips-180hz-1ms/,2026-06-30,2026-08-05
NomadaWare,Ecuador,USD,MONITOR,MONITOR CURVO SAMSUNG ODYSSEY G5 G55C,samsung g55c,$402.50 El precio original era: $402.50. $349.99 El precio actual es: $349.99.,349.99,306.85,1807.31,6116.22,264.55,https://nomadaware.com.ec/producto/monitor-curvo-samsung-odyssey-g5-g55c/,2026-06-30,2026-08-05
NomadaWare,Ecuador,USD,MONITOR,MONITOR CURVO TEROS TE-2764G,teros te-2764g,$322.00 El precio original era: $322.00. $279.99 El precio actual es: $279.99.,279.99,245.48,1445.84,4892.94,211.64,https://nomadaware.com.ec/producto/monitor-curvo-teros-te-2764g/,2026-06-30,2026-08-05
NomadaWare,Ecuador,USD,MONITOR,MONITOR ASUS PROART PA279CRV,asus pa279crv,$678.50 El precio original era: $678.50. $589.99 El precio actual es: $589.99.,589.99,517.26,3046.65,10310.31,445.96,https://nomadaware.com.ec/producto/monitor-asus-proart-pa279crv/,2026-06-30,2026-08-05
NomadaWare,Ecuador,USD,PERIFERICO,TECLADO INALAMBRICO MULTI PLATAFORMA LOGITECH K780,logitech teclado k780,$75.00,75.0,65.75,387.29,1310.66,56.69,https://nomadaware.com.ec/producto/teclado-inalambrico-multi-plataforma-logitech-k780/,2026-06-30,2026-08-05
NomadaWare,Ecuador,USD,PERIFERICO,TECLADO LOGITECH G PRO X TKL RAPID MAGNETIC SWITCH,sin_clasificar,$180.00,180.0,157.81,929.5,3145.57,136.06,https://nomadaware.com.ec/producto/teclado-logitech-g-pro-x-tkl-rapid-magnetic-switch/,2026-06-30,2026-08-05
NomadaWare,Ecuador,USD,PERIFERICO,TECLADO INALAMBRICO REDRAGON BEHEMOTH PRO K724 BLACK RPC SWITCH,redragon teclado k724,$80.00,80.0,70.14,413.11,1398.03,60.47,https://nomadaware.com.ec/producto/teclado-inalambrico-redragon-behemoth-pro-k724-black-rpc-switch/,2026-06-30,2026-08-05
NomadaWare,Ecuador,USD,PERIFERICO,TECLADO INALAMBRICO REDRAGON BEHEMOTH PRO K724GBG BLACK-GREEN MANBO SWITCH,redragon teclado k724gbg,$80.00,80.0,70.14,413.11,1398.03,60.47,https://nomadaware.com.ec/producto/teclado-inalambrico-redragon-behemoth-pro-k724gbg-black-green-manbo-switch/,2026-06-30,2026-08-05
NomadaWare,Ecuador,USD,PERIFERICO,TECLADO INALAMBRICO REDRAGON BEHEMOTH PRO K724SP GRADIENT MANBO SWITCH,redragon teclado k724sp,$80.00,80.0,70.14,413.11,1398.03,60.47,https://nomadaware.com.ec/producto/teclado-inalambrico-redragon-behemoth-pro-k724sp-gradient-manbo-switch/,2026-06-30,2026-08-05
NomadaWare,Ecuador,USD,PERIFERICO,TECLADO INALAMBRICO REDRAGON TERRAFLARE PRO K762WB WHITE-BLACK MANBO SWITCH,redragon teclado k762wb,$85.00,85.0,74.52,438.93,1485.41,64.25,https://nomadaware.com.ec/producto/teclado-inalambrico-redragon-terraflare-pro-k762wb-white-black-manbo-switch/,2026-06-30,2026-08-05
NomadaWare,Ecuador,USD,PERIFERICO,TECLADO INALAMBRICO REDRAGON TERRAFLARE PRO K762WP WHITE-PURPLE MANBO SWITCH,redragon teclado k762wp,$85.00,85.0,74.52,438.93,1485.41,64.25,https://nomadaware.com.ec/producto/teclado-inalambrico-redragon-terraflare-pro-k762wp-white-purple-manbo-switch/,2026-06-30,2026-08-05
NomadaWare,Ecuador,USD,PERIFERICO,TECLADO REDRADON CASTOR MAGNETIC K631,sin_clasificar,$50.00,50.0,43.84,258.2,873.77,37.79,https://nomadaware.com.ec/producto/teclado-redradon-castor-magnetic-k631/,2026-06-30,2026-08-05
NomadaWare,Ecuador,USD,PERIFERICO,TECLADO Y MOUSE INALAMBRICO LOGITECH ADVANCED MK540,logitech combo mk540,$65.00,65.0,56.99,335.65,1135.9,49.13,https://nomadaware.com.ec/producto/teclado-y-mouse-logitech-advanced-mk540/,2026-06-30,2026-08-05
NomadaWare,Ecuador,USD,PERIFERICO,TECLADO RAZER HUNTSMAN V3 X TENKEYLESS OPTICAL PURPLE SWITCH,sin_clasificar,$120.00,120.0,105.21,619.67,2097.05,90.7,https://nomadaware.com.ec/producto/teclado-razer-huntsman-v3-x-tenkeyless-optical-purple-switch/,2026-06-30,2026-08-05
NomadaWare,Ecuador,USD,PERIFERICO,TECLADO ASUS ROG FALCHION ACE HFX MAGNETIC SWITCH,sin_clasificar,$130.00,130.0,113.97,671.31,2271.8,98.26,https://nomadaware.com.ec/producto/teclado-asus-rog-falchion-ace-hfx-magnetic-switch/,2026-06-30,2026-08-05
NomadaWare,Ecuador,USD,PERIFERICO,TECLADO CORSAIR GALLEON 100 SD MLX SWITCH,sin_clasificar,$380.00,380.0,333.16,1962.28,6640.65,287.23,https://nomadaware.com.ec/producto/teclado-corsair-galleon-100-sd/,2026-06-30,2026-08-05
NomadaWare,Ecuador,USD,PERIFERICO,TECLADO CORSAIR VANGUARD 96 MLX SWITCH,sin_clasificar,$200.00,200.0,175.35,1032.78,3495.08,151.17,https://nomadaware.com.ec/producto/teclado-corsair-vanguard-96-mlx-switch/,2026-06-30,2026-08-05
NomadaWare,Ecuador,USD,PERIFERICO,TECLADO INALAMBRICO CORSAIR K70 CORE TKL MLX SWITCH,corsair teclado k70,$190.00,190.0,166.58,981.14,3320.33,143.62,https://nomadaware.com.ec/producto/teclado-corsair-k70-core-tkl-mlx-switch/,2026-06-30,2026-08-05
NomadaWare,Ecuador,USD,PERIFERICO,TECLADO CORSAIR K70 PRO TKL MGX SWITCH,corsair teclado k70,$230.00,230.0,201.65,1187.7,4019.34,173.85,https://nomadaware.com.ec/producto/teclado-corsair-k70-pro-tkl-mgx-switch/,2026-06-30,2026-08-05
NomadaWare,Ecuador,USD,PERIFERICO,TECLADO CORSAIR K55 RGB PRO,corsair teclado k55,$65.00,65.0,56.99,335.65,1135.9,49.13,https://nomadaware.com.ec/producto/teclado-corsair-k55-rgb-pro/,2026-06-30,2026-08-05
NomadaWare,Ecuador,USD,PERIFERICO,TECLADO INALAMBRICO CORSAIR K65 PLUS MLX SWITCH,corsair teclado k65,$190.00,190.0,166.58,981.14,3320.33,143.62,https://nomadaware.com.ec/producto/teclado-corsair-k65-plus-mlx-switch/,2026-06-30,2026-08-05
NomadaWare,Ecuador,USD,PERIFERICO,TECLADO OPTICO CORSAIR K65 PRO MINI OPX SWITCH,corsair teclado k65,$155.00,155.0,135.89,800.4,2708.69,117.16,https://nomadaware.com.ec/producto/teclado-optico-corsair-k65-pro-mini/,2026-06-30,2026-08-05
NomadaWare,Ecuador,USD,PERIFERICO,TECLADO INALAMBRICO REDRAGON ARTEMIS PRO K719GF GRAFFITI SWITCH HI-FI,redragon teclado k719gf,$85.00,85.0,74.52,438.93,1485.41,64.25,https://nomadaware.com.ec/producto/teclado-redragon-artemis-pro-k719gf/,2026-06-30,2026-08-05
NomadaWare,Ecuador,USD,PERIFERICO,TECLADO INALAMBRICO REDRAGON FLEKACT PRO K708MC SWITCH SULUO,redragon teclado k708mc,$90.00,90.0,78.91,464.75,1572.79,68.03,https://nomadaware.com.ec/producto/teclado-redragon-flekact-pro-k708mc/,2026-06-30,2026-08-05
NomadaWare,Ecuador,USD,PERIFERICO,TECLADO INALAMBRICO REDRAGON FLEKACT PRO K708AK SWITCH SULUO,redragon teclado k708ak,$90.00,90.0,78.91,464.75,1572.79,68.03,https://nomadaware.com.ec/producto/teclado-redragon-flekact-pro-k708ak/,2026-06-30,2026-08-05
NomadaWare,Ecuador,USD,PERIFERICO,TECLADO INALAMBRICO REDRAGON FLEKACT PRO K708WLG BLANCO/VERDE SWITCH SULUO,redragon teclado k708wlg,$85.00,85.0,74.52,438.93,1485.41,64.25,https://nomadaware.com.ec/producto/teclado-redragon-flekact-pro-k708wlg/,2026-06-30,2026-08-05
NomadaWare,Ecuador,USD,PERIFERICO,TECLADO INALAMBRICO REDRAGON FLEKACT PRO K708GG DEGRADADO SWITCH LEOPARD,redragon teclado k708gg,$80.00,80.0,70.14,413.11,1398.03,60.47,https://nomadaware.com.ec/producto/teclado-redragon-flekact-pro-k708gg/,2026-06-30,2026-08-05
NomadaWare,Ecuador,USD,PERIFERICO,TECLADO INALAMBRICO REDRAGON CYRUS PRO K681WBP LILA/BLANCO SWICHT PRE-LUBED,redragon teclado k681wbp,$65.00,65.0,56.99,335.65,1135.9,49.13,https://nomadaware.com.ec/producto/teclado-redragon-cyrus-pro-k681wbp-lila/,2026-06-30,2026-08-05
NomadaWare,Ecuador,USD,PERIFERICO,TECLADO INALAMBRICO REDRAGON CYRUS PRO K681MG GREEN SWITCH RPC,redragon teclado k681mg,$60.00,60.0,52.6,309.83,1048.52,45.35,https://nomadaware.com.ec/producto/teclado-redragon-cyrus-pro-k681mg-green/,2026-06-30,2026-08-05
NomadaWare,Ecuador,USD,PERIFERICO,TECLADO INALAMBRICO REDRAGON GLORIA PRO K664WBP SWITCH LION,redragon teclado k664wbp,$65.00,65.0,56.99,335.65,1135.9,49.13,https://nomadaware.com.ec/producto/teclado-redragon-gloria-pro-k664wbp/,2026-06-30,2026-08-05
NomadaWare,Ecuador,USD,PERIFERICO,TECLADO INALAMBRICO REDRAGON VEIGAR K643WGC SWITCH RED,redragon teclado k643wgc,$55.00,55.0,48.22,284.01,961.15,41.57,https://nomadaware.com.ec/producto/teclado-redragon-veigar-k643wgc/,2026-06-30,2026-08-05
NomadaWare,Ecuador,USD,PERIFERICO,TECLADO INALAMBRICO REDRAGON HORUS MINI PRO K632 WHITE SWITCH RED,redragon teclado k632,$65.00,65.0,56.99,335.65,1135.9,49.13,https://nomadaware.com.ec/producto/teclado-redragon-horus-mini-pro-k632-wh/,2026-06-30,2026-08-05
NomadaWare,Ecuador,USD,PERIFERICO,TECLADO REDRAGON GHOSTBLADE MAGNETICO K735 BLACK SWITCH DRAGON CHANT,redragon teclado k735,$65.00,65.0,56.99,335.65,1135.9,49.13,https://nomadaware.com.ec/producto/teclado-magnetico-redragon-ghostblade-k735/,2026-06-30,2026-08-05
NomadaWare,Ecuador,USD,PERIFERICO,TECLADO REDRAGON IRONGUARD K722 BLACK SWITCH DRAGON CHANT,redragon teclado k722,$45.00,45.0,39.45,232.38,786.39,34.01,https://nomadaware.com.ec/producto/teclado-redragon-ironguard-k722/,2026-06-30,2026-08-05
NomadaWare,Ecuador,USD,PERIFERICO,TECLADO REDRAGON KUMARA K552WGL SWITCH RED,redragon teclado k552wgl,$50.00,50.0,43.84,258.2,873.77,37.79,https://nomadaware.com.ec/producto/teclado-redragon-kumara-k552wgl/,2026-06-30,2026-08-05
NomadaWare,Ecuador,USD,PERIFERICO,TECLADO REDRAGON KUMARA K552LGY SWITCH RED,redragon teclado k552lgy,$50.00,50.0,43.84,258.2,873.77,37.79,https://nomadaware.com.ec/producto/teclado-redragon-kumara-k552lgy/,2026-06-30,2026-08-05
NomadaWare,Ecuador,USD,PERIFERICO,TECLADO REDRAGON YAMA K550 WHITE SWITCH PURPLE,redragon teclado k550,$75.00,75.0,65.75,387.29,1310.66,56.69,https://nomadaware.com.ec/producto/teclado-redragon-yama-k550-white-switch-purple/,2026-06-30,2026-08-05
NomadaWare,Ecuador,USD,PERIFERICO,TECLADO Y MOUSE INALAMBRICO MEETION MINI5000,meetion combo mini5000,$20.00,20.0,17.53,103.28,349.51,15.12,https://nomadaware.com.ec/producto/teclado-y-mouse-meetion-mini5000/,2026-06-30,2026-08-05
NomadaWare,Ecuador,USD,PERIFERICO,TECLADO INALAMBRICO MEETION WK310 BLACK,meetion teclado wk310,$35.00,35.0,30.69,180.74,611.64,26.46,https://nomadaware.com.ec/producto/teclado-inalambrico-meetion-wk310-black/,2026-06-30,2026-08-05
NomadaWare,Ecuador,USD,PERIFERICO,TECLADO REDRAGON FLEKACT PRO ART K708GF,redragon teclado k708gf,$90.00,90.0,78.91,464.75,1572.79,68.03,https://nomadaware.com.ec/producto/teclado-redragon-flekact-pro-art-k708gf/,2026-06-30,2026-08-05
NomadaWare,Ecuador,USD,PERIFERICO,TECLADO INALAMBRICO PRIMUS BALLISTA82T STAR WARS C-3PO,primus teclado ballista82t,$70.00,70.0,61.37,361.47,1223.28,52.91,https://nomadaware.com.ec/producto/teclado-primus-ballista-82t-star-wars-c-3po/,2026-06-30,2026-08-05
NomadaWare,Ecuador,USD,PERIFERICO,TECLADO INALAMBRICO MEETION WK330 BLACK,meetion teclado wk330,$40.00,40.0,35.07,206.56,699.02,30.23,https://nomadaware.com.ec/producto/teclado-inalambrico-meetion-wk330-black/,2026-06-30,2026-08-05
NomadaWare,Ecuador,USD,PERIFERICO,TECLADO REDRAGON EISA K686 RGB,redragon teclado k686,$75.00,75.0,65.75,387.29,1310.66,56.69,https://nomadaware.com.ec/producto/teclado-redragon-eisa-k686-rgb/,2026-06-30,2026-08-05
NomadaWare,Ecuador,USD,PERIFERICO,TECLADO INALAMBRICO REDRAGON UCAL PRO K673 RGB GRIS/BLANCO SWITCH RED,redragon teclado k673,$70.00,70.0,61.37,361.47,1223.28,52.91,https://nomadaware.com.ec/producto/teclado-inalambrico-redragon-ucal-pro-k673-rgb-gris-degradado-switch-red/,2026-06-30,2026-08-05
NomadaWare,Ecuador,USD,PERIFERICO,TECLADO INALAMBRICO REDRAGON CYRUS PRO K681 RGB BLANCO/VERDE,redragon teclado k681,$70.00,70.0,61.37,361.47,1223.28,52.91,https://nomadaware.com.ec/producto/teclado-inalambrico-redragon-cyrus-pro-k681-rgb-blanco-verde/,2026-06-30,2026-08-05
NomadaWare,Ecuador,USD,PERIFERICO,MOUSE INALAMBRICO RAZER VIPER V3 HYPERSPEED,sin_clasificar,$95.00,95.0,83.29,490.57,1660.16,71.81,https://nomadaware.com.ec/producto/mouse-inalambrico-razer-viper-v3-hyperspeed/,2026-06-30,2026-08-05
NomadaWare,Ecuador,USD,PERIFERICO,MOUSE REDRAGON FYZU ULTRA LIGHT M995,redragon mouse m995,$40.00,40.0,35.07,206.56,699.02,30.23,https://nomadaware.com.ec/producto/mouse-redragon-fyzu-ultra-light-m995/,2026-06-30,2026-08-05
NomadaWare,Ecuador,USD,PERIFERICO,MOUSE INALAMBRICO LOGITECH G G502 X PLUS LIGHTSPEED,logitech mouse g502,$175.00,175.0,153.43,903.68,3058.2,132.28,https://nomadaware.com.ec/producto/mouse-logitech-g-g502-x-plus-lightspeed/,2026-06-30,2026-08-05
NomadaWare,Ecuador,USD,PERIFERICO,MOUSE INALAMBRICO LOGITECH PRO X SUPERLIGHT 2 SE,sin_clasificar,$145.00,145.0,127.13,748.77,2533.93,109.6,https://nomadaware.com.ec/producto/mouse-logitech-g-pro-x-superlight-2-se/,2026-06-30,2026-08-05
NomadaWare,Ecuador,USD,PERIFERICO,MOUSE INALAMBRICO LOGITECH PRO X SUPERLIGHT 2C,sin_clasificar,$155.00,155.0,135.89,800.4,2708.69,117.16,https://nomadaware.com.ec/producto/mouse-logitech-g-pro-x-superlight-2c/,2026-06-30,2026-08-05
NomadaWare,Ecuador,USD,PERIFERICO,MOUSE INALAMBRICO RAZER BASILISK V3 PRO 35K PHANTOM GREEN EDITION,razer mouse 35k,$160.00,160.0,140.28,826.22,2796.06,120.94,https://nomadaware.com.ec/producto/mouse-razer-basilisk-v3-pro-35k-phantom-green-edition/,2026-06-30,2026-08-05
NomadaWare,Ecuador,USD,PERIFERICO,MOUSE INALAMBRICO RAZER COBRA HYPERSPEED,sin_clasificar,$110.00,110.0,96.44,568.03,1922.29,83.15,https://nomadaware.com.ec/producto/mouse-razer-cobra-hyperspeed/,2026-06-30,2026-08-05
NomadaWare,Ecuador,USD,PERIFERICO,MOUSE INALAMBRICO LOGITECH MX MASTER 4,sin_clasificar,$150.00,150.0,131.51,774.58,2621.31,113.38,https://nomadaware.com.ec/producto/mouse-logitech-mx-master-4/,2026-06-30,2026-08-05
NomadaWare,Ecuador,USD,PERIFERICO,MOUSE INALAMBRICO ASUS ROG HARPE ACE AIM LAB EDITION,sin_clasificar,$85.00,85.0,74.52,438.93,1485.41,64.25,https://nomadaware.com.ec/producto/mouse-inalambrico-asus-rog-harpe-ace-aim-lab-edition/,2026-06-30,2026-08-05
NomadaWare,Ecuador,USD,PERIFERICO,MOUSE INALAMBRICO LOGITECH ERGO M575S,logitech mouse m575s,$45.00,45.0,39.45,232.38,786.39,34.01,https://nomadaware.com.ec/producto/mouse-inalambrico-logitech-ergo-m575s/,2026-06-30,2026-08-05
NomadaWare,Ecuador,USD,PERIFERICO,MOUSE INALAMBRICO CORSAIR SCIMITAR ELITE SE CARBON,sin_clasificar,$170.00,170.0,149.04,877.86,2970.82,128.5,https://nomadaware.com.ec/producto/mouse-inalambrico-corsair-scimitar-elite-se-carbon/,2026-06-30,2026-08-05
NomadaWare,Ecuador,USD,PERIFERICO,MOUSE INALAMBRICO CORSAIR M55 CARBON,corsair mouse m55,$55.00,55.0,48.22,284.01,961.15,41.57,https://nomadaware.com.ec/producto/mouse-inalambrico-corsair-m55-carbon/,2026-06-30,2026-08-05
NomadaWare,Ecuador,USD,PERIFERICO,MOUSE INALAMBRICO CORSAIR M75 WHITE,corsair mouse m75,$140.00,140.0,122.74,722.95,2446.56,105.82,https://nomadaware.com.ec/producto/mouse-inalambrico-corsair-m75-white/,2026-06-30,2026-08-05
NomadaWare,Ecuador,USD,PERIFERICO,MOUSE INALAMBRICO CORSAIR NIGHTSABRE CARBON,sin_clasificar,$160.00,160.0,140.28,826.22,2796.06,120.94,https://nomadaware.com.ec/producto/mouse-inalambrico-corsair-nightsabre-carbon/,2026-06-30,2026-08-05
NomadaWare,Ecuador,USD,PERIFERICO,MOUSE INALAMBRICO CORSAIR M65 RGB ULTRA WHITE,corsair mouse m65,$140.00,140.0,122.74,722.95,2446.56,105.82,https://nomadaware.com.ec/producto/mouse-inalambrico-corsair-m65-rgb-ultra-wh/,2026-06-30,2026-08-05
NomadaWare,Ecuador,USD,PERIFERICO,MOUSE CORSAIR SCIMITAR RGB ELITE CARBON,sin_clasificar,$90.00,90.0,78.91,464.75,1572.79,68.03,https://nomadaware.com.ec/producto/mouse-corsair-scimitar-rgb-elite-carbon/,2026-06-30,2026-08-05
NomadaWare,Ecuador,USD,PERIFERICO,MOUSE CORSAIR HARPOON RGB PRO CARBON,sin_clasificar,$45.00,45.0,39.45,232.38,786.39,34.01,https://nomadaware.com.ec/producto/mouse-corsair-harpoon-rgb-pro-carbon/,2026-06-30,2026-08-05
NomadaWare,Ecuador,USD,PERIFERICO,MOUSE REDRAGON AZZMACH M618 BLACK,redragon mouse m618,$15.00,15.0,13.15,77.46,262.13,11.34,https://nomadaware.com.ec/producto/mouse-redragon-azzmach-m618-black/,2026-06-30,2026-08-05
NomadaWare,Ecuador,USD,PERIFERICO,TECLADO Y MOUSE INALAMBRICO LOGITECH MK250,logitech combo mk250,$35.00,35.0,30.69,180.74,611.64,26.46,https://nomadaware.com.ec/producto/combo-inalambrico-logitech-mk250/,2026-06-30,2026-08-05
NomadaWare,Ecuador,USD,PERIFERICO,MOUSE INALAMBRICO MEETION BTM008,meetion mouse btm008,$20.00,20.0,17.53,103.28,349.51,15.12,https://nomadaware.com.ec/producto/mouse-inalambrico-meetion-btm008/,2026-06-30,2026-08-05
NomadaWare,Ecuador,USD,PERIFERICO,MOUSE ERGONOMICO INALAMBRICO KLIP XTREME EVERREST KMW-390,klipxtreme mouse kmw-390,$20.00,20.0,17.53,103.28,349.51,15.12,https://nomadaware.com.ec/producto/mouse-ergonomico-inalambrico-klipxtreme-everrest-kmw-390/,2026-06-30,2026-08-05
NomadaWare,Ecuador,USD,PERIFERICO,TECLADO Y MOUSE INALAMBRICO MEETION IKEY C210,meetion combo c210,$40.00,40.0,35.07,206.56,699.02,30.23,https://nomadaware.com.ec/producto/combo-inalambrico-meetion-ikey-c210/,2026-06-30,2026-08-05
NomadaWare,Ecuador,USD,PERIFERICO,MOUSE INALAMBRICO LOGITECH M196,logitech mouse m196,$15.00,15.0,13.15,77.46,262.13,11.34,https://nomadaware.com.ec/producto/mouse-inalambrico-logitech-m196/,2026-06-30,2026-08-05
NomadaWare,Ecuador,USD,PERIFERICO,MOUSE INALAMBRICO MEETION BTM001,meetion mouse btm001,$20.00,20.0,17.53,103.28,349.51,15.12,https://nomadaware.com.ec/producto/mouse-inalambrico-meetion-btm001/,2026-06-30,2026-08-05
NomadaWare,Ecuador,USD,PERIFERICO,KIT MEETION IKEY C230 TECLADO Y MOUSE INALAMBRICO,meetion combo c230,$45.00,45.0,39.45,232.38,786.39,34.01,https://nomadaware.com.ec/producto/kit-inalambrico-meetion-ikey-c230/,2026-06-30,2026-08-05
NomadaWare,Ecuador,USD,PERIFERICO,MOUSE INALAMBRICO LOGITECH MX ERGO S,sin_clasificar,$100.00,100.0,87.67,516.39,1747.54,75.59,https://nomadaware.com.ec/producto/mouse-inalambrico-logitech-mx-ergo-s/,2026-06-30,2026-08-05
NomadaWare,Ecuador,USD,PERIFERICO,TECLADO Y MOUSE INALAMBRICO LOGITECH POP ICON,sin_clasificar,$80.00,80.0,70.14,413.11,1398.03,60.47,https://nomadaware.com.ec/producto/combo-inalambrico-logitech-pop-icon/,2026-06-30,2026-08-05
NomadaWare,Ecuador,USD,PERIFERICO,MOUSE INALAMBRICO LOGITECH G PRO 2 LIGHTSPEED,sin_clasificar,$140.00,140.0,122.74,722.95,2446.56,105.82,https://nomadaware.com.ec/producto/mouse-logitech-pro-2-lightspeed/,2026-06-30,2026-08-05
NomadaWare,Ecuador,USD,PERIFERICO,AUDIFONOS LIGHTSPEED LOGITECH G733,logitech audifonos g733,$184.00 El precio original era: $184.00. $160.00 El precio actual es: $160.00.,160.0,140.28,826.22,2796.06,120.94,https://nomadaware.com.ec/producto/audifonos-lightspeed-logitech-g733/,2026-06-30,2026-08-05
NomadaWare,Ecuador,USD,PERIFERICO,AUDIFONO INALAMBRICO JBL TOUR ONE M3 BLACK,sin_clasificar,$270.00,270.0,236.72,1394.25,4718.36,204.08,https://nomadaware.com.ec/producto/audifono-jbl-tour-one-m3-black/,2026-06-30,2026-08-05
NomadaWare,Ecuador,USD,PERIFERICO,AUDIFONO INALAMBRICO JBL TUNE 530BT,jbl audifonos 530bt,$55.00,55.0,48.22,284.01,961.15,41.57,https://nomadaware.com.ec/producto/audifono-inalambrico-jbl-tune-530bt/,2026-06-30,2026-08-05
NomadaWare,Ecuador,USD,PERIFERICO,AUDIFONO JBL TUNE 530 3.5MM,sin_clasificar,$35.00,35.0,30.69,180.74,611.64,26.46,https://nomadaware.com.ec/producto/audifono-jbl-tune-530-3-5mm/,2026-06-30,2026-08-05
NomadaWare,Ecuador,USD,PERIFERICO,AUDIFONO INALAMBRICO JBL TUNE 680NC,jbl audifonos 680nc,$95.00,95.0,83.29,490.57,1660.16,71.81,https://nomadaware.com.ec/producto/audifono-inalambrico-jbl-tune-680nc/,2026-06-30,2026-08-05
NomadaWare,Ecuador,USD,PERIFERICO,AUDIFONO INALAMBRICO JBL TUNE 730BT,jbl audifonos 730bt,$65.00,65.0,56.99,335.65,1135.9,49.13,https://nomadaware.com.ec/producto/audifono-inalambrico-jbl-tune-730bt/,2026-06-30,2026-08-05
NomadaWare,Ecuador,USD,PERIFERICO,AUDIFONO INALAMBRICO JBL TUNE 780NC BLACK,jbl audifonos 780nc,$115.00,115.0,100.82,593.85,2009.67,86.93,https://nomadaware.com.ec/producto/audifono-inalambrico-jbl-tune-780nc-black/,2026-06-30,2026-08-05
NomadaWare,Ecuador,USD,PERIFERICO,AURICULARES PRIMUS ARCUS250 STAR WARS BB-8,primus audifonos arcus250,$45.00,45.0,39.45,232.38,786.39,34.01,https://nomadaware.com.ec/producto/auriculares-primus-arcus250-star-wars-bb-8/,2026-06-30,2026-08-05
NomadaWare,Ecuador,USD,PERIFERICO,AURICULAR PRIMUS STORMTROOPER ARCUS240 TWS,primus audifonos arcus240,$40.00,40.0,35.07,206.56,699.02,30.23,https://nomadaware.com.ec/producto/primus-arcus240-stormtrooper-tws/,2026-06-30,2026-08-05
NomadaWare,Ecuador,USD,PERIFERICO,AURICULAR PRIMUS GROGU ARCUS230 TWS,primus audifonos arcus230,$40.00,40.0,35.07,206.56,699.02,30.23,https://nomadaware.com.ec/producto/auricular-primus-arcus230-grogu-tws/,2026-06-30,2026-08-05
NomadaWare,Ecuador,USD,PERIFERICO,AUDIFONO REDRAGON ZEUS X H510 RGB WH,redragon audifonos h510,$80.00,80.0,70.14,413.11,1398.03,60.47,https://nomadaware.com.ec/producto/audifono-redragon-zeus-x-h510-rgb-wh/,2026-06-30,2026-08-05
NomadaWare,Ecuador,USD,PERIFERICO,AUDIFONO INALAMBRICO LIGHTSPEED LOGITECH G PRO X,sin_clasificar,$220.00,220.0,192.88,1136.06,3844.59,166.29,https://nomadaware.com.ec/producto/audifono-logitech-g-pro-x-lightspeed/,2026-06-30,2026-08-05
NomadaWare,Ecuador,USD,PERIFERICO,AUDIFONO LOGITECH G332,logitech audifonos g332,$55.00,55.0,48.22,284.01,961.15,41.57,https://nomadaware.com.ec/producto/audifono-gamer-logitech-g332-3-5mm/,2026-06-30,2026-08-05
TecnoGame,Ecuador,USD,CPU,Procesador AMD ryzen 7-7800X3D 4.2GHz hasta 5GHz cache 96MB no inc.,sin_clasificar,$542.16,542.16,475.33,2799.66,9474.46,409.8,https://tecnogame.ec/?s=procesador&post_type=product#,2026-06-30,2026-08-05
TecnoGame,Ecuador,USD,CPU,Procesador Intel Core i7-14700F Raptor Lake 2.10GHz hasta 5.40GHz cache 28MB,core i7-14700f,$516.98,516.98,453.25,2669.63,9034.43,390.77,https://tecnogame.ec/?s=procesador&post_type=product#,2026-06-30,2026-08-05
TecnoGame,Ecuador,USD,CPU,Procesador AMD Ryzen 7 9700X 3.8GHz hasta 5.5GHz 32mb AM5 no,ryzen 7 9700x,$467.11,467.11,409.53,2412.11,8162.93,353.07,https://tecnogame.ec/?s=procesador&post_type=product#,2026-06-30,2026-08-05
TecnoGame,Ecuador,USD,CPU,Procesador Intel core ultra 9 285K 3.2GHz hasta 5.7GHz 40MB LGA1851,core ultra 9 285k,$860.16,860.16,754.13,4441.78,15031.64,650.17,https://tecnogame.ec/?s=procesador&post_type=product#,2026-06-30,2026-08-05
TecnoGame,Ecuador,USD,CPU,Procesador Core i7 14700F 14va 20N+28H – Intel,core i7 14700f,$449.00 $429.00,429.0,376.12,2215.31,7496.95,324.27,https://tecnogame.ec/?s=procesador&post_type=product#,2026-06-30,2026-08-05
TecnoGame,Ecuador,USD,CPU,Procesador Ryzen 3 3200G 4 Nucleos – AMD,ryzen 3 3200g,$89.00,89.0,78.03,459.59,1555.31,67.27,https://tecnogame.ec/?s=procesador&post_type=product#,2026-06-30,2026-08-05
TecnoGame,Ecuador,USD,CPU,Procesador Intel Core I9-14900 Raptor Lake 4.30GHz hasta 5.4GHz cache 32MB,core i9-14900,$857.12,857.12,751.46,4426.08,14978.51,647.87,https://tecnogame.ec/?s=procesador&post_type=product#,2026-06-30,2026-08-05
TecnoGame,Ecuador,USD,CPU,Procesador Intel core ultra 7 265F 1.8GHz hasta 5.3GHz 36MB LGA1851,core ultra 7 265f,$490.70,490.7,430.21,2533.93,8575.18,370.91,https://tecnogame.ec/?s=procesador&post_type=product#,2026-06-30,2026-08-05
TecnoGame,Ecuador,USD,CPU,Procesador AMD ryzen 9-7900X 4.7GHz hasta 5.6GHz cache 64MB no inc.,sin_clasificar,$530.90,530.9,465.46,2741.51,9277.69,401.29,https://tecnogame.ec/?s=procesador&post_type=product#,2026-06-30,2026-08-05
TecnoGame,Ecuador,USD,CPU,Procesador Intel Core I9-14900F 4.3GHz hasta 5.80GHz cache 32MB Socket LGA1700,core i9-14900f,$745.91,745.91,653.96,3851.8,13035.08,563.81,https://tecnogame.ec/?s=procesador&post_type=product#,2026-06-30,2026-08-05
TecnoGame,Ecuador,USD,CPU,Procesador AMD ryzen 7-7700X 4.5GHz hasta 5.4GHz cache 32MB no incluye,sin_clasificar,$437.97,437.97,383.98,2261.63,7653.7,331.05,https://tecnogame.ec/?s=procesador&post_type=product#,2026-06-30,2026-08-05
TecnoGame,Ecuador,USD,CPU,Procesador Intel core ultra 5 235 2.9GHz hasta 5GHz 26MB LGA1851,core ultra 5 235,$384.52,384.52,337.12,1985.62,6719.64,290.65,https://tecnogame.ec/?s=procesador&post_type=product#,2026-06-30,2026-08-05
TecnoGame,Ecuador,USD,CPU,Procesador AMD Ryzen 9 9900X 4.4GHz hasta 5.6GHz 64mb AM5 no,ryzen 9 9900x,$576.45,576.45,505.39,2976.73,10073.69,435.72,https://tecnogame.ec/page/2/?s=procesador&post_type=product#,2026-06-30,2026-08-05
TecnoGame,Ecuador,USD,CPU,Procesador Ryzen 3 5300G 4.2Ghz – AMD,ryzen 3 5300g,$145.00,145.0,127.13,748.77,2533.93,109.6,https://tecnogame.ec/page/2/?s=procesador&post_type=product#,2026-06-30,2026-08-05
TecnoGame,Ecuador,USD,CPU,Procesador Core i5 10600K 10TH 6N 12H – Intel,core i5 10600k,$205.00,205.0,179.73,1058.6,3582.46,154.95,https://tecnogame.ec/page/2/?s=procesador&post_type=product#,2026-06-30,2026-08-05
TecnoGame,Ecuador,USD,CPU,Procesador Athlon 3000G Graficos Vega 3 – AMD,sin_clasificar,$79.00 $69.00,69.0,60.49,356.31,1205.8,52.16,https://tecnogame.ec/page/2/?s=procesador&post_type=product#,2026-06-30,2026-08-05
TecnoGame,Ecuador,USD,CPU,Procesador Core i7 12700F 12va Gen – Intel,core i7 12700f,$339.00,339.0,297.21,1750.56,5924.16,256.24,https://tecnogame.ec/page/2/?s=procesador&post_type=product#,2026-06-30,2026-08-05
TecnoGame,Ecuador,USD,CPU,Procesador Ultra 5 225 Series 2 10N+10H – Intel,sin_clasificar,$249.00,249.0,218.31,1285.81,4351.37,188.21,https://tecnogame.ec/page/2/?s=procesador&post_type=product#,2026-06-30,2026-08-05
TecnoGame,Ecuador,USD,CPU,Procesador Ryzen 5 3400G 4N + 8H – AMD,ryzen 5 3400g,$109.00,109.0,95.56,562.87,1904.82,82.39,https://tecnogame.ec/page/2/?s=procesador&post_type=product#,2026-06-30,2026-08-05
TecnoGame,Ecuador,USD,CPU,"Procesador Ryzen 9 7900X, AM5 12N 24H – AMD",ryzen 9 7900x,$459.00,459.0,402.42,2370.23,8021.21,346.94,https://tecnogame.ec/page/2/?s=procesador&post_type=product#,2026-06-30,2026-08-05
TecnoGame,Ecuador,USD,CPU,Procesador Core i9 12900KS 12va 16N 24H – Intel,core i9 12900ks,$429.00,429.0,376.12,2215.31,7496.95,324.27,https://tecnogame.ec/page/2/?s=procesador&post_type=product#,2026-06-30,2026-08-05
TecnoGame,Ecuador,USD,CPU,"Procesador Ryzen 7 7800X3D, AM5 8N 16H – AMD",ryzen 7 7800x3d,$499.00,499.0,437.49,2576.79,8720.22,377.18,https://tecnogame.ec/page/2/?s=procesador&post_type=product#,2026-06-30,2026-08-05
TecnoGame,Ecuador,USD,CPU,"Procesador Ryzen 7 8700F, AM5 8N 16H – AMD",ryzen 7 8700f,$299.00 $279.00,279.0,244.61,1440.73,4875.64,210.89,https://tecnogame.ec/page/2/?s=procesador&post_type=product#,2026-06-30,2026-08-05
TecnoGame,Ecuador,USD,CPU,"Procesador Ryzen 9 5900XT, 16N+32H – AMD",ryzen 9 5900xt,$419.00 $389.00,389.0,341.05,2008.76,6797.93,294.03,https://tecnogame.ec/page/2/?s=procesador&post_type=product#,2026-06-30,2026-08-05
TecnoGame,Ecuador,USD,CPU,Procesador Ultra 7 265KF Series 2 20N+20H – Intel,sin_clasificar,$459.00 $419.00,419.0,367.35,2163.67,7322.19,316.71,https://tecnogame.ec/page/3/?s=procesador&post_type=product#,2026-06-30,2026-08-05
TecnoGame,Ecuador,USD,CPU,"Procesador Ryzen 5 9600X, AM5 6N 12H – AMD",ryzen 5 9600x,$275.00,275.0,241.1,1420.07,4805.74,207.86,https://tecnogame.ec/page/3/?s=procesador&post_type=product#,2026-06-30,2026-08-05
TecnoGame,Ecuador,USD,CPU,"Procesador Ryzen 7 9700X, AM5 8N 16H – AMD",ryzen 7 9700x,$425.00,425.0,372.61,2194.66,7427.04,321.24,https://tecnogame.ec/page/3/?s=procesador&post_type=product#,2026-06-30,2026-08-05
TecnoGame,Ecuador,USD,CPU,"Procesador Ryzen 7 5800XT, 8N+16H – AMD",ryzen 7 5800xt,$299.00,299.0,262.14,1544.01,5225.14,226.01,https://tecnogame.ec/page/3/?s=procesador&post_type=product#,2026-06-30,2026-08-05
TecnoGame,Ecuador,USD,CPU,Procesador Ultra 7 265K Series 2 20N+20H – Intel,sin_clasificar,$459.00,459.0,402.42,2370.23,8021.21,346.94,https://tecnogame.ec/page/3/?s=procesador&post_type=product#,2026-06-30,2026-08-05
TecnoGame,Ecuador,USD,CPU,"Procesador Ryzen 7 5700, 8N+16H – AMD",ryzen 7 5700,$225.00,225.0,197.26,1161.88,3931.96,170.07,https://tecnogame.ec/page/3/?s=procesador&post_type=product#,2026-06-30,2026-08-05
TecnoGame,Ecuador,USD,CPU,"Procesador Ryzen 7 8700G, AM5 8N 16H, Gráficos 780M – AMD",ryzen 7 8700g,$299.00,299.0,262.14,1544.01,5225.14,226.01,https://tecnogame.ec/page/3/?s=procesador&post_type=product#,2026-06-30,2026-08-05
TecnoGame,Ecuador,USD,CPU,Procesador Ryzen 5 5600XT 6N+12H – Amd,ryzen 5 5600xt,$199.00,199.0,174.47,1027.62,3477.6,150.42,https://tecnogame.ec/page/3/?s=procesador&post_type=product#,2026-06-30,2026-08-05
TecnoGame,Ecuador,USD,CPU,"Procesador Ryzen 5 8400F, AM5 6N 12H – AMD",ryzen 5 8400f,$209.00,209.0,183.24,1079.26,3652.36,157.98,https://tecnogame.ec/page/3/?s=procesador&post_type=product#,2026-06-30,2026-08-05
TecnoGame,Ecuador,USD,CPU,Procesador Core i9 12900KF 12va 16N 24H – Intel,core i9 12900kf,$399.00,399.0,349.82,2060.4,6972.68,301.59,https://tecnogame.ec/page/3/?s=procesador&post_type=product#,2026-06-30,2026-08-05
TecnoGame,Ecuador,USD,CPU,Procesador Intel Core i5 12400F 12va Gen – Intel,core i5 12400f,$215.00,215.0,188.5,1110.24,3757.21,162.51,https://tecnogame.ec/page/3/?s=procesador&post_type=product#,2026-06-30,2026-08-05
TecnoGame,Ecuador,USD,CPU,Procesador Core i3 12100F 12va Gen – Intel,core i3 12100f,$125.00,125.0,109.59,645.49,2184.43,94.48,https://tecnogame.ec/page/3/?s=procesador&post_type=product#,2026-06-30,2026-08-05
TecnoGame,Ecuador,USD,GPU,Tarjeta de video MSI GeForce GT710 2GD3H 2GB low profile DDR3,sin_clasificar,$83.45,83.45,73.16,430.93,1458.32,63.08,https://tecnogame.ec/?s=tarjeta+de+video&post_type=product#,2026-06-30,2026-08-05
TecnoGame,Ecuador,USD,GPU,Tarjeta de video MSI GeForce RTX5050 8G Shadow 2X OC 1,rtx5050 8g,$430.81,430.81,377.7,2224.66,7528.58,325.64,https://tecnogame.ec/?s=tarjeta+de+video&post_type=product#,2026-06-30,2026-08-05
TecnoGame,Ecuador,USD,GPU,Tarjeta de video MSI GeForce RTX5060 8G Cyclone OC 1 HDMI,rtx5060 8g,$510.23,510.23,447.33,2634.78,8916.47,385.67,https://tecnogame.ec/?s=tarjeta+de+video&post_type=product#,2026-06-30,2026-08-05
TecnoGame,Ecuador,USD,GPU,Tarjeta de video Gigabyte Radeon™ RX 9070 GAMING OC 16G GDDR6X,rx 9070 gaming,"$1,065.93",1065.93,934.53,5504.36,18627.55,805.7,https://tecnogame.ec/?s=tarjeta+de+video&post_type=product#,2026-06-30,2026-08-05
TecnoGame,Ecuador,USD,GPU,Tarjeta de video Gigabyte Aorus Radeon RX 9070 XT ELITE 16G,rx 9070 xt,"$1,235.44",1235.44,1083.15,6379.69,21589.81,933.83,https://tecnogame.ec/?s=tarjeta+de+video&post_type=product#,2026-06-30,2026-08-05
TecnoGame,Ecuador,USD,GPU,Tarjeta Gráfica Nvidia Rtx 5060 8Gb Gddr7 – Msi Cyclone,rtx 5060 8gb,$499.00,499.0,437.49,2576.79,8720.22,377.18,https://tecnogame.ec/?s=tarjeta+de+video&post_type=product#,2026-06-30,2026-08-05
TecnoGame,Ecuador,USD,GPU,Tarjeta Gráfica Amd Rx 7600 XT 16Gb Gddr6 3F – Gigabyte Gaming OC,rx 7600 xt,$549.00,549.0,481.32,2834.98,9593.99,414.97,https://tecnogame.ec/?s=tarjeta+de+video&post_type=product#,2026-06-30,2026-08-05
TecnoGame,Ecuador,USD,GPU,Tarjeta Gráfica Nvidia Gtx 1650 4GB Gddr6 – Arktek,gtx 1650,$248.00,248.0,217.43,1280.65,4333.9,187.46,https://tecnogame.ec/page/2/?s=tarjeta+de+video&post_type=product#,2026-06-30,2026-08-05
TecnoGame,Ecuador,USD,GPU,Tarjeta Gráfica Nvidia GTX 1050TI 4gb Gddr5 – Arktek,gtx 1050ti,$199.00,199.0,174.47,1027.62,3477.6,150.42,https://tecnogame.ec/page/2/?s=tarjeta+de+video&post_type=product#,2026-06-30,2026-08-05
TecnoGame,Ecuador,USD,GPU,Adap. Wifi PCI E 300Mbps Tarjeta de Red – D-Link DWA-548,sin_clasificar,$20.00,20.0,17.53,103.28,349.51,15.12,https://tecnogame.ec/page/3/?s=tarjeta+de+video&post_type=product#,2026-06-30,2026-08-05
TecnoGame,Ecuador,USD,GPU,Tarjeta Gráfica Amd Rx 9060 XT 8Gb Gddr6 3F – Gigabyte Gaming OC,rx 9060 xt,$469.00,469.0,411.19,2421.87,8195.96,354.5,https://tecnogame.ec/page/3/?s=tarjeta+de+video&post_type=product#,2026-06-30,2026-08-05
TecnoGame,Ecuador,USD,RAM,Memoria ram Acer UD100 8GB DDR4 3200MHz CL22 para pc,acer 8gb ddr4 3200mhz,$144.17,144.17,126.4,744.48,2519.43,108.97,https://tecnogame.ec/?s=memoria+ram&post_type=product#,2026-06-30,2026-08-05
TecnoGame,Ecuador,USD,RAM,Memoria ram Kingston 8GB DDR4 3200MHz CL22 para pc,kingston 8gb ddr4 3200mhz,$107.54,107.54,94.28,555.33,1879.3,81.29,https://tecnogame.ec/?s=memoria+ram&post_type=product#,2026-06-30,2026-08-05
TecnoGame,Ecuador,USD,RAM,Memoria ram Patriot 8GB DDR4 3200MHz CL22 para pc,patriot 8gb ddr4 3200mhz,$128.82,128.82,112.94,665.21,2251.18,97.37,https://tecnogame.ec/?s=memoria+ram&post_type=product#,2026-06-30,2026-08-05
TecnoGame,Ecuador,USD,RAM,Memoria ram Acer 16GB DDR4 3200MHz CL22 para pc,acer 16gb ddr4 3200mhz,$260.18,260.18,228.11,1343.54,4546.75,196.66,https://tecnogame.ec/?s=memoria+ram&post_type=product#,2026-06-30,2026-08-05
TecnoGame,Ecuador,USD,RAM,Memoria ram Adata 8gb DDR5 5600Mhz CL45 para pc 1.1v,adata 8gb ddr5 5600mhz,$182.77,182.77,160.24,943.81,3193.98,138.15,https://tecnogame.ec/?s=memoria+ram&post_type=product#,2026-06-30,2026-08-05
TecnoGame,Ecuador,USD,RAM,Memoria ram Kingston 16GB DDR4 3200Mhz CL22 para notebook,kingston 16gb ddr4 3200mhz,$197.17,197.17,172.86,1018.17,3445.62,149.03,https://tecnogame.ec/?s=memoria+ram&post_type=product#,2026-06-30,2026-08-05
TecnoGame,Ecuador,USD,RAM,"Cpu Amd Atlhon 3000g, 2Gb Gráficos, Ram 8GB, SSD 256GB",sin_clasificar,$371.00,371.0,325.27,1915.81,6483.37,280.43,https://tecnogame.ec/page/2/?s=memoria+ram&post_type=product#,2026-06-30,2026-08-05
TecnoGame,Ecuador,USD,RAM,"Ram Gamer Ddr5, 16Gb, 5600, Dimm, Cl40, RGB – Kingston Fury",kingston 16gb ddr5 fury,$289.00,289.0,253.37,1492.37,5050.39,218.45,https://tecnogame.ec/page/3/?s=memoria+ram&post_type=product#,2026-06-30,2026-08-05
TecnoGame,Ecuador,USD,RAM,"Ram Ddr4, 16Gb, 3200, So-Dimm – Kingston",kingston 16gb ddr4 sodimm,$199.00,199.0,174.47,1027.62,3477.6,150.42,https://tecnogame.ec/page/3/?s=memoria+ram&post_type=product#,2026-06-30,2026-08-05
TecnoGame,Ecuador,USD,SSD,"Cpu Amd Atlhon 3000g, 2Gb Gráficos, Ram 8GB, SSD 256GB",sin_clasificar,$371.00,371.0,325.27,1915.81,6483.37,280.43,https://tecnogame.ec/page/2/?s=disco+solido+ssd&post_type=product#,2026-06-30,2026-08-05
TecnoGame,Ecuador,USD,SSD,Unidad Estado Sólido SSD Sata III 512Gb – Dato DS700,dato 512gb sata,$109.00,109.0,95.56,562.87,1904.82,82.39,https://tecnogame.ec/page/3/?s=disco+solido+ssd&post_type=product#,2026-06-30,2026-08-05
TecnoGame,Ecuador,USD,SSD,Unidad Estado Solido Ssd 2.5″ 480GB Sata III – HP S650,hp 480gb sata,$116.00,116.0,101.7,599.01,2027.15,87.68,https://tecnogame.ec/page/3/?s=disco+solido+ssd&post_type=product#,2026-06-30,2026-08-05
TecnoGame,Ecuador,USD,SSD,Unidad Estado Solido Ssd 2.5″ 240GB Sata III – Adata SU650,adata 240gb sata,$85.00,85.0,74.52,438.93,1485.41,64.25,https://tecnogame.ec/page/3/?s=disco+solido+ssd&post_type=product#,2026-06-30,2026-08-05
TecnoGame,Ecuador,USD,SSD,Unidad Estado Sólido Ssd 2.5″ Sata III 256GB – Indilinx IND-S325S,indilinx 256gb sata,$84.00,84.0,73.65,433.77,1467.93,63.49,https://tecnogame.ec/page/3/?s=disco+solido+ssd&post_type=product#,2026-06-30,2026-08-05
TecnoGame,Ecuador,USD,SSD,Unidad Estado Sólido Ssd 2.5″ Sata III 128Gb – Indilinx IND-S325S,indilinx 128gb sata,$49.00,49.0,42.96,253.03,856.29,37.04,https://tecnogame.ec/page/3/?s=disco+solido+ssd&post_type=product#,2026-06-30,2026-08-05
TecnoGame,Ecuador,USD,SSD,Unidad Estado Sólido SSD 2.5″ Sata III 960GB – Msi S270,msi 960gb sata,$199.00 $189.00,189.0,165.7,975.98,3302.85,142.86,https://tecnogame.ec/page/3/?s=disco+solido+ssd&post_type=product#,2026-06-30,2026-08-05
TecnoGame,Ecuador,USD,MONITOR,"Monitor 25″ Fhd, IPS, Adaptive Sync, 1ms, 200Hz – Gigabyte GS25F2",gigabyte gs25f2,$249.00 $235.00,235.0,206.03,1213.52,4106.72,177.63,https://tecnogame.ec/?s=monitor&post_type=product#,2026-06-30,2026-08-05
TecnoGame,Ecuador,USD,MONITOR,"Monitor 27″ 2K, IPS, Adaptive Sync, 1ms, 180Hz – Gigabyte GS27QA",gigabyte gs27qa,$319.00,319.0,279.68,1647.28,5574.65,241.12,https://tecnogame.ec/?s=monitor&post_type=product#,2026-06-30,2026-08-05
TecnoGame,Ecuador,USD,MONITOR,"Monitor 27″ Fhd, Ips, Adaptive Sync, 144hz, 1ms – LG 27G411A-B",lg 27g411a-b,$215.00,215.0,188.5,1110.24,3757.21,162.51,https://tecnogame.ec/?s=monitor&post_type=product#,2026-06-30,2026-08-05
TecnoGame,Ecuador,USD,MONITOR,"Monitor 20″ HD+, 1440×900, Hdmi, Vga – One J019",sin_clasificar,$79.00 $69.00,69.0,60.49,356.31,1205.8,52.16,https://tecnogame.ec/?s=monitor&post_type=product#,2026-06-30,2026-08-05
TecnoGame,Ecuador,USD,MONITOR,"Monitor 34″ 3440×1440, 120Hz, 1ms, Adaptive Sync, UltraWide – Gigabyte GS34WQCA",gigabyte gs34wqca,$549.00,549.0,481.32,2834.98,9593.99,414.97,https://tecnogame.ec/?s=monitor&post_type=product#,2026-06-30,2026-08-05
TecnoGame,Ecuador,USD,MONITOR,"Monitor 25″ FHD Ips 120Hz, DP, Hdmi – Indurama Vortix Nova",sin_clasificar,$155.00,155.0,135.89,800.4,2708.69,117.16,https://tecnogame.ec/?s=monitor&post_type=product#,2026-06-30,2026-08-05
TecnoGame,Ecuador,USD,MONITOR,"Monitor 25″ Fhd, IPS, Adaptive Sync, 1ms, 240Hz – Gigabyte GS25F2A",gigabyte gs25f2a,$259.00,259.0,227.07,1337.45,4526.13,195.77,https://tecnogame.ec/?s=monitor&post_type=product#,2026-06-30,2026-08-05
TecnoGame,Ecuador,USD,MONITOR,"Monitor 24″ Fhd, IPS, Adaptive Sync, 1ms, 144Hz – Gigabyte GS24F14",gigabyte gs24f14,$209.00,209.0,183.24,1079.26,3652.36,157.98,https://tecnogame.ec/?s=monitor&post_type=product#,2026-06-30,2026-08-05
TecnoGame,Ecuador,USD,MONITOR,"Monitor 24″ Fhd, Ips, Adaptive Sync, 120hz, 1ms – Asus VA249HG",asus va249hg,$265.00,265.0,232.33,1368.43,4630.98,200.31,https://tecnogame.ec/?s=monitor&post_type=product#,2026-06-30,2026-08-05
TecnoGame,Ecuador,USD,MONITOR,"Monitor 22″ Fhd, 120Hz, Adaptive Sync, Hdmi, Dp – Armaggeddon Pixxel PF22HD Super WH",armaggeddon pf22hd,$159.00,159.0,139.4,821.06,2778.59,120.18,https://tecnogame.ec/?s=monitor&post_type=product#,2026-06-30,2026-08-05
TecnoGame,Ecuador,USD,MONITOR,Monitor MSI gamer MAG 272QP QD-OLED X50 26.5″ QD-Oled WQHD 500Hz,msi 272qp,"$1,194.26",1194.26,1047.04,6167.04,20870.17,902.71,https://tecnogame.ec/?s=monitor&post_type=product#,2026-06-30,2026-08-05
TecnoGame,Ecuador,USD,MONITOR,Monitor Asrock gamer PG27FFX2A 27 inch LED IPS FHD (1920 x,asrock pg27ffx2a,$928.00,928.0,813.61,4792.1,16217.17,701.45,https://tecnogame.ec/?s=monitor&post_type=product#,2026-06-30,2026-08-05
TecnoGame,Ecuador,USD,MONITOR,Monitor BenQ gamer Zowie XL2731K 27 inch FHD 165Hz 1ms HDMI-DisplayPort,benq xl2731k,$609.07,609.07,533.99,3145.18,10643.74,460.38,https://tecnogame.ec/page/2/?s=monitor&post_type=product#,2026-06-30,2026-08-05
TecnoGame,Ecuador,USD,MONITOR,"Monitor 25″ Fhd, IPS, Adaptive Sync, 0.5ms, 240Hz – Msi Mag 245F X24",msi 245f,$269.00,269.0,235.84,1389.09,4700.88,203.33,https://tecnogame.ec/page/2/?s=monitor&post_type=product#,2026-06-30,2026-08-05
TecnoGame,Ecuador,USD,MONITOR,"Monitor 24″ FHD, 100Hz, Hdmi, Vga – Xtratech XTM24",xtratech xtm24,$149.00,149.0,130.63,769.42,2603.83,112.62,https://tecnogame.ec/page/2/?s=monitor&post_type=product#,2026-06-30,2026-08-05
TecnoGame,Ecuador,USD,MONITOR,"Monitor 24″ Fhd, Ips, 200hz, 1 ms, Adaptive Sync – Xiaomi G24i 2026",xiaomi g24i,$255.00,255.0,223.57,1316.79,4456.23,192.75,https://tecnogame.ec/page/2/?s=monitor&post_type=product#,2026-06-30,2026-08-05
TecnoGame,Ecuador,USD,MONITOR,"Monitor 24″ Fhd, Ips, Adaptive Sync, 144hz, 1ms – LG 24G411A-B",lg 24g411a-b,$194.00,194.0,170.09,1001.8,3390.23,146.64,https://tecnogame.ec/page/2/?s=monitor&post_type=product#,2026-06-30,2026-08-05
TecnoGame,Ecuador,USD,MONITOR,"Monitor 27″ 2K 2560 x 1440, Curvo, Adaptive Sync, 1ms, 165Hz – Samsung Odyssey G5 G55C",samsung g55c,$355.00,355.0,311.24,1833.18,6203.77,268.33,https://tecnogame.ec/page/2/?s=monitor&post_type=product#,2026-06-30,2026-08-05
TecnoGame,Ecuador,USD,MONITOR,"Monitor 20″ HD+ 1600×900, 75Hz, Hdmi – LG 20U401A-B",lg 20u401a-b,$98.00,98.0,85.92,506.06,1712.59,74.08,https://tecnogame.ec/page/2/?s=monitor&post_type=product#,2026-06-30,2026-08-05
TecnoGame,Ecuador,USD,MONITOR,"Monitor 25″ FHD, Adaptive Sync, 240Hz, 0.3ms – Asus Tuf VG259QM5A",asus vg259qm5a,$275.00,275.0,241.1,1420.07,4805.74,207.86,https://tecnogame.ec/page/2/?s=monitor&post_type=product#,2026-06-30,2026-08-05
TecnoGame,Ecuador,USD,MONITOR,"Monitor 27″ 2K Ips, 100Hz, Adaptive Sync, Hdmi, Dp – Armaggeddon XF27QHD",armaggeddon xf27qhd,$259.00,259.0,227.07,1337.45,4526.13,195.77,https://tecnogame.ec/page/2/?s=monitor&post_type=product#,2026-06-30,2026-08-05
TecnoGame,Ecuador,USD,MONITOR,"Monitor 24″ Fhd Gamer, 200hz, 1ms, Rgb, Dp, Hdmi – ENV 1887",sin_clasificar,$195.00,195.0,170.96,1006.96,3407.7,147.39,https://tecnogame.ec/page/2/?s=monitor&post_type=product#,2026-06-30,2026-08-05
TecnoGame,Ecuador,USD,MONITOR,"Monitor 24″ Fhd Ips, 180hz, 1ms – ENV 3524",sin_clasificar,$185.00,185.0,162.2,955.32,3232.95,139.84,https://tecnogame.ec/page/2/?s=monitor&post_type=product#,2026-06-30,2026-08-05
TecnoGame,Ecuador,USD,MONITOR,"Monitor 24″ Fhd Ips, 120Hz, Adaptive Sync, Hdmi, Dp – Armaggeddon Pixxel XF24HD",armaggeddon xf24hd,$178.00,178.0,156.06,919.17,3110.62,134.54,https://tecnogame.ec/page/2/?s=monitor&post_type=product#,2026-06-30,2026-08-05
TecnoGame,Ecuador,USD,MONITOR,"Monitor 24″ Fhd, 100Hz, Hdmi, Vga – Rca W2427SG",rca w2427sg,$149.00,149.0,130.63,769.42,2603.83,112.62,https://tecnogame.ec/page/3/?s=monitor&post_type=product#,2026-06-30,2026-08-05
TecnoGame,Ecuador,USD,MONITOR,"Monitor Gamer 25″ Fhd, Ips, 100Hz, 1ms, Adaptive Sync – Asrock CL25FF",asrock cl25ff,$199.00,199.0,174.47,1027.62,3477.6,150.42,https://tecnogame.ec/page/3/?s=monitor&post_type=product#,2026-06-30,2026-08-05
TecnoGame,Ecuador,USD,MONITOR,"Monitor 27″ Fhd, Ips, Adaptive Sync, 180Hz, 1ms – Gigabyte GS27FA",gigabyte gs27fa,$249.00,249.0,218.31,1285.81,4351.37,188.21,https://tecnogame.ec/page/3/?s=monitor&post_type=product#,2026-06-30,2026-08-05
TecnoGame,Ecuador,USD,MONITOR,"Monitor 27″ Fhd, Curvo, Adaptive Sync, 280Hz, 0.5ms – Msi 276CXF",msi 276cxf,$329.00,329.0,288.44,1698.92,5749.41,248.68,https://tecnogame.ec/page/3/?s=monitor&post_type=product#,2026-06-30,2026-08-05
TecnoGame,Ecuador,USD,MONITOR,"Monitor 25″ Fhd, Rapid IPS, Adaptive Sync, 0.5ms, 200Hz – Msi 255F E20",msi 255f,$249.00,249.0,218.31,1285.81,4351.37,188.21,https://tecnogame.ec/page/3/?s=monitor&post_type=product#,2026-06-30,2026-08-05
TecnoGame,Ecuador,USD,MONITOR,"Monitor 24″ Fhd, Curvo, Adaptive Sync, 1ms, 180Hz – Msi Mag 242C",msi 242c,$269.00,269.0,235.84,1389.09,4700.88,203.33,https://tecnogame.ec/page/3/?s=monitor&post_type=product#,2026-06-30,2026-08-05
TecnoGame,Ecuador,USD,MONITOR,"Monitor 27″ Fhd, Ips, Adaptive Sync, 120hz, 1ms – Asus VA279HG",asus va279hg,$279.00 $249.00,249.0,218.31,1285.81,4351.37,188.21,https://tecnogame.ec/page/3/?s=monitor&post_type=product#,2026-06-30,2026-08-05
TecnoGame,Ecuador,USD,MONITOR,"Monitor 24″ Fhd, Ips, Adaptive Sync, 100hz, 1ms – Asus VZ24EHF",asus vz24ehf,$219.00,219.0,192.0,1130.89,3827.11,165.54,https://tecnogame.ec/page/3/?s=monitor&post_type=product#,2026-06-30,2026-08-05
TecnoGame,Ecuador,USD,MONITOR,"Monitor 27″ Fhd, Ips, Adaptive Sync – Asus VA27EYE",asus va27eye,$249.00,249.0,218.31,1285.81,4351.37,188.21,https://tecnogame.ec/page/3/?s=monitor&post_type=product#,2026-06-30,2026-08-05
TecnoGame,Ecuador,USD,MONITOR,"Monitor 20″ 1600×900, 75Hz, Hdmi, Vga – Xtratech XTM19",xtratech xtm19,$83.00,83.0,72.77,428.6,1450.46,62.74,https://tecnogame.ec/page/3/?s=monitor&post_type=product#,2026-06-30,2026-08-05
TecnoGame,Ecuador,USD,MONITOR,"Monitor 27″ Fhd, Ips, Adaptive Sync, 180Hz, 1ms – Msi G2712F",msi g2712f,$289.00,289.0,253.37,1492.37,5050.39,218.45,https://tecnogame.ec/page/3/?s=monitor&post_type=product#,2026-06-30,2026-08-05
TecnoGame,Ecuador,USD,MONITOR,"Monitor 24″ Corporativo, Fhd, Adaptive Sync, 100hz, 1ms – Msi MP2412",msi mp2412,$199.00,199.0,174.47,1027.62,3477.6,150.42,https://tecnogame.ec/page/3/?s=monitor&post_type=product#,2026-06-30,2026-08-05
TecnoGame,Ecuador,USD,PERIFERICO,Teclado Mecanico Gamer 80% Sw Rojo – Xtrike Me GK-989,xtrikeme teclado gk-989,$24.00,24.0,21.04,123.93,419.41,18.14,https://tecnogame.ec/?s=teclado&post_type=product#,2026-06-30,2026-08-05
TecnoGame,Ecuador,USD,PERIFERICO,Teclado Gamer Usb C/ Cable RGB – Xtrike Me KB-309,xtrikeme teclado kb-309,$13.00,13.0,11.4,67.13,227.18,9.83,https://tecnogame.ec/?s=teclado&post_type=product#,2026-06-30,2026-08-05
TecnoGame,Ecuador,USD,PERIFERICO,Teclado Mecanico Gamer 80% Sw Rojo – Xtrike Me GK-997,xtrikeme teclado gk-997,$27.00,27.0,23.67,139.43,471.84,20.41,https://tecnogame.ec/?s=teclado&post_type=product#,2026-06-30,2026-08-05
TecnoGame,Ecuador,USD,PERIFERICO,Teclado Mecanico Gamer 60% Rgb – Xtrike Me GK-916,xtrikeme teclado gk-916,$23.00,23.0,20.16,118.77,401.93,17.39,https://tecnogame.ec/?s=teclado&post_type=product#,2026-06-30,2026-08-05
TecnoGame,Ecuador,USD,PERIFERICO,Teclado Mecanico Gamer 60% Sw Rojo – Xtrike Me GK-996,xtrikeme teclado gk-996,$25.00,25.0,21.92,129.1,436.88,18.9,https://tecnogame.ec/?s=teclado&post_type=product#,2026-06-30,2026-08-05
TecnoGame,Ecuador,USD,PERIFERICO,Teclado Gamer Mecánico Rgb 100% – Genius Scorpion K12,genius teclado k12,$27.00,27.0,23.67,139.43,471.84,20.41,https://tecnogame.ec/?s=teclado&post_type=product#,2026-06-30,2026-08-05
TecnoGame,Ecuador,USD,PERIFERICO,Teclado Mecanico 60% Gamer Rgb – Marvo KG933 BK SW RED,marvo teclado kg933,$32.00,32.0,28.06,165.24,559.21,24.19,https://tecnogame.ec/?s=teclado&post_type=product#,2026-06-30,2026-08-05
TecnoGame,Ecuador,USD,PERIFERICO,Teclado Mecanico Gamer Rgb 60% – Primus BALLISTA61T,primus teclado ballista61t,$42.00,42.0,36.82,216.88,733.97,31.75,https://tecnogame.ec/?s=teclado&post_type=product#,2026-06-30,2026-08-05
TecnoGame,Ecuador,USD,PERIFERICO,Teclado Estándar Español Multimedia – Quasad QK-440C,quasad teclado qk-440c,$9.00,9.0,7.89,46.48,157.28,6.8,https://tecnogame.ec/?s=teclado&post_type=product#,2026-06-30,2026-08-05
TecnoGame,Ecuador,USD,PERIFERICO,Teclado Gamer Multimedia Rgb – Marvo K602,marvo teclado k602,$15.00,15.0,13.15,77.46,262.13,11.34,https://tecnogame.ec/?s=teclado&post_type=product#,2026-06-30,2026-08-05
TecnoGame,Ecuador,USD,PERIFERICO,Teclado Gamer Usb Multimedia – Evil Pc 572EG,evilpc teclado 572eg,$15.00,15.0,13.15,77.46,262.13,11.34,https://tecnogame.ec/?s=teclado&post_type=product#,2026-06-30,2026-08-05
TecnoGame,Ecuador,USD,PERIFERICO,Teclado Multimedia Usb Cable WH – Genius Slimstar 126,sin_clasificar,$12.00,12.0,10.52,61.97,209.7,9.07,https://tecnogame.ec/page/2/?s=teclado&post_type=product#,2026-06-30,2026-08-05
TecnoGame,Ecuador,USD,PERIFERICO,Teclado Gamer Mecanico Rgb 100% – Evil PC KB-772EG,evilpc teclado kb-772eg,$30.00,30.0,26.3,154.92,524.26,22.68,https://tecnogame.ec/page/2/?s=teclado&post_type=product#,2026-06-30,2026-08-05
TecnoGame,Ecuador,USD,PERIFERICO,Teclado Mecanico Gamer 80% Rgb – Marvo KG901 Krone 87,marvo teclado kg901,$40.00,40.0,35.07,206.56,699.02,30.23,https://tecnogame.ec/page/2/?s=teclado&post_type=product#,2026-06-30,2026-08-05
TecnoGame,Ecuador,USD,PERIFERICO,Teclado Gamer Mecanico Rgb 100% – Quasad QKM-G80,quasad teclado qkm-g80,$29.00,29.0,25.43,149.75,506.79,21.92,https://tecnogame.ec/page/2/?s=teclado&post_type=product#,2026-06-30,2026-08-05
TecnoGame,Ecuador,USD,PERIFERICO,"Combo Gamer Teclado, Mouse, Audif, Pad – Alcatroz X Craft Basecamp",sin_clasificar,$24.00,24.0,21.04,123.93,419.41,18.14,https://tecnogame.ec/page/2/?s=teclado&post_type=product#,2026-06-30,2026-08-05
TecnoGame,Ecuador,USD,PERIFERICO,"Combo Teclado, Mouse, Usb, Inalambrico – Env G10",env combo g10,$12.00,12.0,10.52,61.97,209.7,9.07,https://tecnogame.ec/page/2/?s=teclado&post_type=product#,2026-06-30,2026-08-05
TecnoGame,Ecuador,USD,PERIFERICO,"Combo Gamer Teclado, Mouse, Audif, Pad – Env 9182 GE08",env combo ge08,$21.00,21.0,18.41,108.44,366.98,15.87,https://tecnogame.ec/page/2/?s=teclado&post_type=product#,2026-06-30,2026-08-05
TecnoGame,Ecuador,USD,PERIFERICO,Combo Mouse + Teclado Gamer – Env 9183 G09,env combo g09,$12.00,12.0,10.52,61.97,209.7,9.07,https://tecnogame.ec/page/2/?s=teclado&post_type=product#,2026-06-30,2026-08-05
TecnoGame,Ecuador,USD,PERIFERICO,Combo Teclado y Mouse Gamer Usb – Alcatroz XC3000,alcatroz combo xc3000,$15.00,15.0,13.15,77.46,262.13,11.34,https://tecnogame.ec/page/2/?s=teclado&post_type=product#,2026-06-30,2026-08-05
TecnoGame,Ecuador,USD,PERIFERICO,Combo Teclado Mecanico + Mouse Calidad Rgb – Cougar Combat,sin_clasificar,$59.00,59.0,51.73,304.67,1031.05,44.6,https://tecnogame.ec/page/2/?s=teclado&post_type=product#,2026-06-30,2026-08-05
TecnoGame,Ecuador,USD,PERIFERICO,Combo Teclado + Mouse Inalámbrico Recargable – Quasad QC-4583,quasad combo qc-4583,$20.00,20.0,17.53,103.28,349.51,15.12,https://tecnogame.ec/page/2/?s=teclado&post_type=product#,2026-06-30,2026-08-05
TecnoGame,Ecuador,USD,PERIFERICO,Combo Teclado Y Mouse Usb AntiSalpicaduras – Logitech MK120,logitech combo mk120,$24.00,24.0,21.04,123.93,419.41,18.14,https://tecnogame.ec/page/2/?s=teclado&post_type=product#,2026-06-30,2026-08-05
TecnoGame,Ecuador,USD,PERIFERICO,Combo Gamer Teclado + Mouse C/ Cable USB – MSI GK100,msi combo gk100,$26.00,26.0,22.79,134.26,454.36,19.65,https://tecnogame.ec/page/3/?s=teclado&post_type=product#,2026-06-30,2026-08-05
TecnoGame,Ecuador,USD,PERIFERICO,"Combo Gamer Teclado, Mouse, Audif, Pad – Xrike Me CMX-415 SP",sin_clasificar,$25.00,25.0,21.92,129.1,436.88,18.9,https://tecnogame.ec/page/3/?s=teclado&post_type=product#,2026-06-30,2026-08-05
TecnoGame,Ecuador,USD,PERIFERICO,"Combo Gamer Teclado, Mouse, Pad – Marvo CM310",marvo combo cm310,$23.00,23.0,20.16,118.77,401.93,17.39,https://tecnogame.ec/page/3/?s=teclado&post_type=product#,2026-06-30,2026-08-05
TecnoGame,Ecuador,USD,PERIFERICO,Mouse Gamer P/Pc Rgb – Evil PC MS-225EG,evilpc mouse ms-225eg,$10.00,10.0,8.77,51.64,174.75,7.56,https://tecnogame.ec/?s=mouse&post_type=product#,2026-06-30,2026-08-05
TecnoGame,Ecuador,USD,PERIFERICO,Mouse Gamer Alambrico Usb P/Pc RGB – Corsair Katar Pro,sin_clasificar,$28.00,28.0,24.55,144.59,489.31,21.16,https://tecnogame.ec/?s=mouse&post_type=product#,2026-06-30,2026-08-05
TecnoGame,Ecuador,USD,PERIFERICO,Mouse Gamer P/Pc Rgb 6 Botones – Genius M-700,genius mouse m-700,$14.00,14.0,12.27,72.29,244.66,10.58,https://tecnogame.ec/?s=mouse&post_type=product#,2026-06-30,2026-08-05
TecnoGame,Ecuador,USD,PERIFERICO,Mouse Gamer Programable Rgb – Logitech G502 Hero,logitech mouse g502,$55.00,55.0,48.22,284.01,961.15,41.57,https://tecnogame.ec/?s=mouse&post_type=product#,2026-06-30,2026-08-05
TecnoGame,Ecuador,USD,PERIFERICO,Mouse Inalambrico Usb Colores – Logitech M170,logitech mouse m170,$14.50,14.5,12.71,74.88,253.39,10.96,https://tecnogame.ec/?s=mouse&post_type=product#,2026-06-30,2026-08-05
TecnoGame,Ecuador,USD,PERIFERICO,Mouse Inalambrico Usb – Genius NX-7005,genius mouse nx-7005,$10.00,10.0,8.77,51.64,174.75,7.56,https://tecnogame.ec/?s=mouse&post_type=product#,2026-06-30,2026-08-05
TecnoGame,Ecuador,USD,PERIFERICO,Mouse C/ Cable Usb – Genius Micro Traveler,sin_clasificar,$8.50,8.5,7.45,43.89,148.54,6.42,https://tecnogame.ec/?s=mouse&post_type=product#,2026-06-30,2026-08-05
TecnoGame,Ecuador,USD,PERIFERICO,Mouse Inalambrico Usb Blue – Genius NX-7007,genius mouse nx-7007,$11.00,11.0,9.64,56.8,192.23,8.31,https://tecnogame.ec/?s=mouse&post_type=product#,2026-06-30,2026-08-05
TecnoGame,Ecuador,USD,PERIFERICO,Mouse Inalambrico Usb – Genius Nx-8008S Bk,genius mouse nx-8008s,$12.00,12.0,10.52,61.97,209.7,9.07,https://tecnogame.ec/?s=mouse&post_type=product#,2026-06-30,2026-08-05
TecnoGame,Ecuador,USD,PERIFERICO,Mouse Gamer P/Pc Rgb – MSI GM08,msi mouse gm08,$16.00,16.0,14.03,82.62,279.61,12.09,https://tecnogame.ec/page/2/?s=mouse&post_type=product#,2026-06-30,2026-08-05
TecnoGame,Ecuador,USD,PERIFERICO,Mouse Inalambrico Usb – Microsoft 1850,sin_clasificar,$15.00,15.0,13.15,77.46,262.13,11.34,https://tecnogame.ec/page/2/?s=mouse&post_type=product#,2026-06-30,2026-08-05
TecnoGame,Ecuador,USD,PERIFERICO,Mouse Inalámbrico Gamer Programable – Logitech G305,logitech mouse g305,$48.00,48.0,42.08,247.87,838.82,36.28,https://tecnogame.ec/page/2/?s=mouse&post_type=product#,2026-06-30,2026-08-05
TecnoGame,Ecuador,USD,PERIFERICO,Mouse Gamer Programable Rgb – Logitech Prodigy G203,logitech mouse g203,$25.00,25.0,21.92,129.1,436.88,18.9,https://tecnogame.ec/page/2/?s=mouse&post_type=product#,2026-06-30,2026-08-05
TecnoGame,Ecuador,USD,PERIFERICO,Audifonos Inalambricos Bluetooth 5.4 Tws – Xiaomi Redmi Buds 6 Play,sin_clasificar,$20.00,20.0,17.53,103.28,349.51,15.12,https://tecnogame.ec/?s=audifonos&post_type=product#,2026-06-30,2026-08-05
TecnoGame,Ecuador,USD,PERIFERICO,Audifono C/ Mic Earbuds tipo C – Thonet & Vander Klein,sin_clasificar,$15.00 $13.00,13.0,11.4,67.13,227.18,9.83,https://tecnogame.ec/?s=audifonos&post_type=product#,2026-06-30,2026-08-05
TecnoGame,Ecuador,USD,PERIFERICO,Audifono Inalámbrico Bt 5 40H – Jbl TUNE 510BT WH,jbl audifonos 510bt,$55.00,55.0,48.22,284.01,961.15,41.57,https://tecnogame.ec/?s=audifonos&post_type=product#,2026-06-30,2026-08-05
TecnoGame,Ecuador,USD,PERIFERICO,Audifono Inalambrico BT5 C/ Estuche – Universal Y90,sin_clasificar,$11.00,11.0,9.64,56.8,192.23,8.31,https://tecnogame.ec/?s=audifonos&post_type=product#,2026-06-30,2026-08-05
TecnoGame,Ecuador,USD,PERIFERICO,Audifono Inalambrico BT 5.3 C/ Estuche – Genius M910BT,genius audifonos m910bt,$18.00,18.0,15.78,92.95,314.56,13.61,https://tecnogame.ec/page/2/?s=audifonos&post_type=product#,2026-06-30,2026-08-05
TecnoGame,Ecuador,USD,PERIFERICO,Audifono Gamer Rgb P/ Pc C/ Mic – Xtrike Me HP-318,xtrikeme audifonos hp-318,$15.00,15.0,13.15,77.46,262.13,11.34,https://tecnogame.ec/page/2/?s=audifonos&post_type=product#,2026-06-30,2026-08-05
TecnoGame,Ecuador,USD,PERIFERICO,Audifono Gamer USB P/ Pc Mic Rgb – Xtrike Me GH-416 516,xtrikeme audifonos gh-416,$20.00,20.0,17.53,103.28,349.51,15.12,https://tecnogame.ec/page/2/?s=audifonos&post_type=product#,2026-06-30,2026-08-05
TecnoGame,Ecuador,USD,PERIFERICO,Audifono Gamer USB P/ Pc Mic Rgb – Marvo HG8921,marvo audifonos hg8921,$23.00,23.0,20.16,118.77,401.93,17.39,https://tecnogame.ec/page/2/?s=audifonos&post_type=product#,2026-06-30,2026-08-05
TecnoGame,Ecuador,USD,PERIFERICO,Audifono Gamer Inalambrico C/ Mic Usb Bt – Primus ARCUS360BT,primus audifonos arcus360bt,$55.00,55.0,48.22,284.01,961.15,41.57,https://tecnogame.ec/page/2/?s=audifonos&post_type=product#,2026-06-30,2026-08-05
TecnoGame,Ecuador,USD,PERIFERICO,Audifono Gamer P/ Pc C/ Mic – Logitech G335 MINT,logitech audifonos g335,$75.00,75.0,65.75,387.29,1310.66,56.69,https://tecnogame.ec/page/2/?s=audifonos&post_type=product#,2026-06-30,2026-08-05
TecnoGame,Ecuador,USD,PERIFERICO,Audifono Gamer Inal P/ Pc C/ Mic – Logitech G435,logitech audifonos g435,$79.00,79.0,69.26,407.95,1380.56,59.71,https://tecnogame.ec/page/2/?s=audifonos&post_type=product#,2026-06-30,2026-08-05
Tecnosmart,Ecuador,USD,CPU,Procesador Intel Core Ultra 5 250K Plus | Turbo 5.3GHz | 18-Cores | LGA1851,core ultra 5 250k,$337.99 Inc. IVA,337.99,296.33,1745.35,5906.51,255.48,https://www.tecnosmart.com.ec/producto/procesador-intel-core-ultra-5-250k-plus-turbo-5-3ghz-18-cores-lga1851/,2026-06-30,2026-08-05
Tecnosmart,Ecuador,USD,CPU,Procesador AMD Ryzen 3 3200G – Con gráficos Radeon VEGA 8,ryzen 3 3200g,$95.99 Inc. IVA,95.99,84.16,495.68,1677.46,72.56,https://www.tecnosmart.com.ec/producto/procesador-amd-ryzen-3-3200g-con-graficos-radeon-vega-8/,2026-06-30,2026-08-05
Tecnosmart,Ecuador,USD,CPU,Procesador Intel Core Ultra 7 270K Plus | 24-Cores | LGA1181,core ultra 7 270k,$502.99 Inc. IVA,502.99,440.99,2597.39,8789.95,380.2,https://www.tecnosmart.com.ec/producto/procesador-intel-core-ultra-7-270k-plus-24-cores-3-7ghz-base-36mb-lga1851-125w-base/,2026-06-30,2026-08-05
Tecnosmart,Ecuador,USD,CPU,PROCESADOR INTEL CORE i5-14400 – 2.5GHZ – 14TH – LGA1700 – UHD770 – 10 CORES – 20MB CACHE,core i5-14400,$305.99 Inc. IVA,305.99,268.27,1580.1,5347.3,231.29,https://www.tecnosmart.com.ec/producto/procesador-intel-core-i5-14400-2-5ghz-14th-lga1700-uhd770-10-cores-20mb-cache/,2026-06-30,2026-08-05
Tecnosmart,Ecuador,USD,CPU,PROCESADOR INTEL CORE i3-13100F – 3.40GHZ – 13TH – LGA1700 – 4 CORES – 12MB CACHE,core i3-13100f,$175.99 Inc. IVA,175.99,154.3,908.79,3075.5,133.03,https://www.tecnosmart.com.ec/producto/procesador-intel-core-i3-13100f-3-40ghz-13th-lga1700-4-cores-12mb-cache/,2026-06-30,2026-08-05
Tecnosmart,Ecuador,USD,CPU,Procesador Intel Core i7-14700K 20-Cores/28-Hilos (8P+12E) Base 3.4GHz Turbo 5.4GHz – Caché 33MB – Gráficos Intel – LGA1700 14th Gen,core i7-14700k,$619.99 Inc. IVA,619.99,543.56,3201.57,10834.57,468.63,https://www.tecnosmart.com.ec/producto/procesador-intel-core-i7-14700k-20-cores-28-hilos-8p12e-base-3-4ghz-turbo-5-4ghz-cache-33mb-graficos-intel-lga1700-14th-gen/,2026-06-30,2026-08-05
Tecnosmart,Ecuador,USD,CPU,PROCESADOR INTEL CORE i7-8700K – 12MB – 3.7GHZ – LGA1151 – 6-CORES – 95W – INTEL GRAPHICS,core i7-8700k,$115.99 Inc. IVA,115.99,101.69,598.96,2026.97,87.67,https://www.tecnosmart.com.ec/producto/producto-180/,2026-06-30,2026-08-05
Tecnosmart,Ecuador,USD,CPU,Procesador Intel Core i7-14700F | 8-CORES / 20-THREADS | 28MB | LGA1700 | Sin Gráficos.,core i7-14700f,$514.99 Inc. IVA,514.99,451.51,2659.36,8999.66,389.27,https://www.tecnosmart.com.ec/producto/producto-138/,2026-06-30,2026-08-05
Tecnosmart,Ecuador,USD,CPU,PROCESADOR INTEL CORE i7-14700 – 3.40GHZ BASE – 33MB – LGA1700,core i7-14700,$567.99 Inc. IVA,567.99,497.97,2933.04,9925.85,429.33,https://www.tecnosmart.com.ec/producto/producto-137/,2026-06-30,2026-08-05
Tecnosmart,Ecuador,USD,CPU,PROCESADOR INTEL CORE ULTRA 7 265KF – BASE 3.9 GHZ – 30MB – LGA1851 – 20-cores (8P+12E) – 250W,core ultra 7 265kf,$369.99 Inc. IVA,369.99,324.38,1910.59,6465.72,279.66,https://www.tecnosmart.com.ec/producto/procesador-intel-core-ultra-7-265kf-base-3-9-ghz-30mb-lga1851-20-cores-8p12e-250w/,2026-06-30,2026-08-05
Tecnosmart,Ecuador,USD,CPU,PROCESADOR INTEL CORE ULTRA 5 225 – 20MB – 4.9GHZ – LGA1851 – 10-CORES – 65W – INTEL GRAPHICS,core ultra 5 225,$272.99 Inc. IVA,272.99,239.34,1409.69,4770.61,206.34,https://www.tecnosmart.com.ec/producto/procesador-intel-core-ultra-5-225-20mb-4-9ghz-lga1851-10-cores-65w-intel-graphics/,2026-06-30,2026-08-05
Tecnosmart,Ecuador,USD,CPU,PROCESADOR AMD RYZEN 9 9950X 4.3GHz – TURBO 5.7GHZ – 16 CORES – 32 HILOS – AM5 – 170W,ryzen 9 9950x,$886.99 Inc. IVA,886.99,777.65,4580.33,15500.51,670.45,https://www.tecnosmart.com.ec/producto/procesador-amd-ryzen-9-9950x-4-3ghz-turbo-5-7ghz-16-cores-32-hilos-am5-170w/,2026-06-30,2026-08-05
Tecnosmart,Ecuador,USD,CPU,PROCESADOR AMD RYZEN 7 9700X – AMD AM5 – ZEN 5 – 65W – 8 CORES – 16 THREAD,ryzen 7 9700x,$490.99 Inc. IVA,490.99,430.47,2535.42,8580.25,371.12,https://www.tecnosmart.com.ec/producto/procesador-amd-ryzen-7-9700x-amd-am5-zen-5-65w-8-cores-16-thread/,2026-06-30,2026-08-05
Tecnosmart,Ecuador,USD,CPU,PROCESADOR AMD RYZEN 7 8700G 4.2GHz BASE – 8 CORES – 16 HILOS – AM5 – 65W – WITH RADEON™ GRAPHICS,ryzen 7 8700g,$353.99 Inc. IVA,353.99,310.35,1827.97,6186.12,267.57,https://www.tecnosmart.com.ec/producto/procesador-amd-ryzen-7-8700g-4-2ghz-base-8-cores-16-hilos-am5-65w-with-radeon-graphics/,2026-06-30,2026-08-05
Tecnosmart,Ecuador,USD,CPU,PROCESADOR AMD RYZEN 7 7800X3D – 8 CORES – BASE 4.2GHZ – AM5 – CACHE 8MB,ryzen 7 7800x3d,$599.99 Inc. IVA,599.99,526.03,3098.29,10485.07,453.51,https://www.tecnosmart.com.ec/producto/procesador-amd-ryzen-7-7800x3d-8-cores-base-4-2ghz-am5-cache-8mb/,2026-06-30,2026-08-05
Tecnosmart,Ecuador,USD,CPU,PROCESADOR AMD RYZEN 7 7700 3.8GHz BASE – 8 CORES – 16 HILOS – 8MB – AM5 – 65W (100000592BOX),ryzen 7 7700 3,$434.99 Inc. IVA,434.99,381.37,2246.24,7601.62,328.8,https://www.tecnosmart.com.ec/producto/procesador-amd-ryzen-7-7700-3-8ghz-base-8-cores-16-hilos-8mb-am5-65w-100000592box/,2026-06-30,2026-08-05
Tecnosmart,Ecuador,USD,CPU,Procesador AMD Ryzen 5 8400F | 6-CORES | 4.7 GHZ | 65W | AM5 | SIN GRAFICOS,ryzen 5 8400f,$220.99 Inc. IVA,220.99,193.75,1141.17,3861.89,167.04,https://www.tecnosmart.com.ec/producto/procesador-amd-ryzen-5-8400f-6-cores-4-7-ghz-turbo-65w-am5-sin-graficos/,2026-06-30,2026-08-05
Tecnosmart,Ecuador,USD,CPU,PROCESADOR AMD RYZEN 3 5300G – AM4 – 16MB – 64W – 8 THREAD,ryzen 3 5300g,$151.99 Inc. IVA,151.99,133.25,784.86,2656.09,114.88,https://www.tecnosmart.com.ec/producto/procesador-amd-ryzen-3-5300g-am4-16mb-64w-8-thread/,2026-06-30,2026-08-05
Tecnosmart,Ecuador,USD,CPU,PROCESADOR AMD RYZEN 7 9850X3D 8-CORES/16-HILOS 4.7GHz | AM5,ryzen 7 9850x3d,$748.99 Inc. IVA,748.99,656.66,3867.71,13088.9,566.14,https://www.tecnosmart.com.ec/producto/procesador-amd-ryzen-7-9850x3d-4-7ghz-8-cores-16-hilos-96mb-am5-120w/,2026-06-30,2026-08-05
Tecnosmart,Ecuador,USD,CPU,PROCESADOR AMD RYZEN 5 8500G – BASE 3.5GHZ – 65W – AM5 – GRAFICOS AMD RADEON™ 740M (100-100000931BOX),ryzen 5 8500g,$204.99 Inc. IVA,204.99,179.72,1058.55,3582.28,154.95,https://www.tecnosmart.com.ec/producto/procesador-amd-ryzen-5-8500g-base-3-5ghz-65w-am5-graficos-amd-radeon-740m-100-100000931box/,2026-06-30,2026-08-05
Tecnosmart,Ecuador,USD,CPU,Procesador AMD Ryzen 7 5700X 3.4GHz – 4.6Ghz – 8-Core – 16 Threads – AM4,ryzen 7 5700x,$300.99 Inc. IVA,300.99,263.89,1554.28,5259.92,227.51,https://www.tecnosmart.com.ec/producto/procesador-amd-ryzen-7-5700x-3-4ghz-4-6ghz-8-core-16-threads/,2026-06-30,2026-08-05
Tecnosmart,Ecuador,USD,CPU,PROCESADOR INTEL CORE i3-14100F – 3.5 GHZ – 14TH – LGA1700 – 4 CORES,core i3-14100f,$179.99 Inc. IVA,179.99,157.8,929.45,3145.4,136.05,https://www.tecnosmart.com.ec/producto/procesador-intel-core-i3-14100f-3-5-ghz-14th-lga1700-4-cores/,2026-06-30,2026-08-05
Tecnosmart,Ecuador,USD,CPU,PROCESADOR AMD RYZEN 5 8600G 4.3GHz BASE – 6 CORES – 12 HILOS – AM5 – 65W – WITH RADEON™ GRAPHICS,ryzen 5 8600g,$248.99 Inc. IVA,248.99,218.3,1285.76,4351.2,188.2,https://www.tecnosmart.com.ec/producto/procesador-amd-ryzen-5-8600g-4-3ghz-base-6-cores-12-hilos-am5-65w-with-radeon-graphics/,2026-06-30,2026-08-05
Tecnosmart,Ecuador,USD,CPU,PROCESADOR AMD RYZEN 5 5600GT 3.6GHZ TURBO 4.6GHz AM4 6-CORE 12 THREADS – Gráficos Radeon VEGA integrados,ryzen 5 5600gt,$216.99 Inc. IVA,216.99,190.24,1120.51,3791.99,164.02,https://www.tecnosmart.com.ec/producto/procesador-amd-ryzen-5-5600gt-3-6ghz-turbo-4-6ghz-am4-6-core-12-threads-graficos-radeon-vega-integrados/,2026-06-30,2026-08-05
Tecnosmart,Ecuador,USD,CPU,Procesador Intel Core i7-12700,core i7-12700,$486.99 Inc. IVA,486.99,426.96,2514.77,8510.35,368.1,https://www.tecnosmart.com.ec/producto/procesador-intel-core-i7-12700/,2026-06-30,2026-08-05
Tecnosmart,Ecuador,USD,CPU,Procesador AMD Ryzen 5 5500,ryzen 5 5500,$151.99 Inc. IVA,151.99,133.25,784.86,2656.09,114.88,https://www.tecnosmart.com.ec/producto/procesador-amd-ryzen-5-5500/,2026-06-30,2026-08-05
Tecnosmart,Ecuador,USD,CPU,Procesador Intel Core i7-4790K,core i7-4790k,$115.99 Inc. IVA,115.99,101.69,598.96,2026.97,87.67,https://www.tecnosmart.com.ec/producto/procesador-intel-core-i7-4790k-4ghz-turbo-4-4ghz-lga1150-h/,2026-06-30,2026-08-05
Tecnosmart,Ecuador,USD,CPU,Procesador HPE DL380 Gen9 Intel Xeon E5-2640v3 Kit – (719049-B),sin_clasificar,$143.99 Inc. IVA,143.99,126.24,743.55,2516.28,108.84,https://www.tecnosmart.com.ec/producto/procesador-hpe-dl380-gen9-intel-xeon-e5-2640v3-kit-719049-b/,2026-06-30,2026-08-05
Tecnosmart,Ecuador,USD,CPU,Procesador Intel Core i5-10600KF – Sin Graficos,core i5-10600kf,$288.99 Inc. IVA,288.99,253.37,1492.32,5050.22,218.44,https://www.tecnosmart.com.ec/producto/procesador-intel-core-i5-10600kf-4-1ghz-12mb-cache-lga-1200/,2026-06-30,2026-08-05
Tecnosmart,Ecuador,USD,CPU,Procesador AMD Ryzen 7 5700G – Con Graficos Radeon VEGA,ryzen 7 5700g,$280.99 Inc. IVA,280.99,246.35,1451.0,4910.41,212.39,https://www.tecnosmart.com.ec/producto/procesador-amd-ryzen-7-5700g-3-8ghz-turbo-4-6ghz-am4-8-core-16-threads-graficos-radeon-vega-integrados/,2026-06-30,2026-08-05
Tecnosmart,Ecuador,USD,CPU,Procesador Intel Core i9-14900K 24-Cores/32-Hilos (8P+16E) Base 3.2GHz Turbo 6GHz – Caché 36MB – LGA1700 14th Gen,core i9-14900k,$627.99 Inc. IVA,627.99,550.58,3242.88,10974.38,474.68,https://www.tecnosmart.com.ec/producto/procesador-intel-core-i9-14900k-24-cores-32-hilos-8p16e-base-3-2ghz-turbo-6ghz-cache-36mb-lga1700-14th-gen/,2026-06-30,2026-08-05
Tecnosmart,Ecuador,USD,CPU,Procesador Intel Core i9-14900KF 24-Cores/32-Hilos (8P+16E) Base 3.2GHz Turbo 6GHz – Caché 36MB – LGA1700 – Sin Gráficos – 14th Gen,core i9-14900kf,$752.99 Inc. IVA,752.99,660.17,3888.37,13158.8,569.16,https://www.tecnosmart.com.ec/producto/producto-182/,2026-06-30,2026-08-05
Tecnosmart,Ecuador,USD,CPU,PROCESADOR INTEL CORE ULTRA 9 285K – 24 CORES – 36MB – LGA1851- GRAPHICS,core ultra 9 285k,$853.99 Inc. IVA,853.99,748.72,4409.92,14923.82,645.51,https://www.tecnosmart.com.ec/producto/procesador-intel-core-ultra-9-285k-24-cores-36mb-lga1851-graphics/,2026-06-30,2026-08-05
Tecnosmart,Ecuador,USD,CPU,PROCESADOR INTEL CORE ULTRA 9 285 – 24 CORES – 36MB – LGA1851,core ultra 9 285,$873.99 Inc. IVA,873.99,766.25,4513.2,15273.32,660.62,https://www.tecnosmart.com.ec/producto/procesador-intel-core-ultra-9-285-24-cores-36mb-lga1851/,2026-06-30,2026-08-05
Tecnosmart,Ecuador,USD,CPU,PROCESADOR INTEL CORE ULTRA 7 265K – 30MB – LGA1851 – 20-cores (8P+12E) – GRAPHICS,core ultra 7 265k,$450.99 Inc. IVA,450.99,395.4,2328.87,7881.23,340.89,https://www.tecnosmart.com.ec/producto/procesador-intel-core-ultra-7-265k-30mb-lga1851-20-cores-8p12e-graphics/,2026-06-30,2026-08-05
Tecnosmart,Ecuador,USD,CPU,PROCESADOR INTEL CORE ULTRA 5 245K – BASE 4.2GHZ – 26MB – 159W – LGA1851,core ultra 5 245k,$466.99 Inc. IVA,466.99,409.42,2411.49,8160.84,352.98,https://www.tecnosmart.com.ec/producto/procesador-intel-core-ultra-5-245k-base-4-2ghz-26mb-159w-lga1851/,2026-06-30,2026-08-05
Tecnosmart,Ecuador,USD,CPU,Procesador Intel Core Ultra 5 225F | LGA1851 | Sin Gráficos,core ultra 5 225f,$276.99 Inc. IVA,276.99,242.85,1430.35,4840.51,209.37,https://www.tecnosmart.com.ec/producto/procesador-intel-core-ultra-5-225f-20mb-4-9ghz-lga1851-10-cores-65w-no-graphics/,2026-06-30,2026-08-05
Tecnosmart,Ecuador,USD,CPU,PROCESADOR AMD RYZEN 7 9800X3D 8-Núcleos 16-Hilos 4.7GHz Base – 5.2GHz Turbo – AM5 – DDR5,ryzen 7 9800x3d,$688.99 Inc. IVA,688.99,604.06,3557.88,12040.38,520.79,https://www.tecnosmart.com.ec/producto/procesador-amd-ryzen-7-9800x3d-8-nucleos-16-hilos-4-7ghz-base-5-2ghz-turbo-am5-ddr5/,2026-06-30,2026-08-05
Tecnosmart,Ecuador,USD,CPU,Procesador AMD Ryzen 7 8700F | 5.00 GHz | 8-CORES /16-HILOS | AM5 | 65W | SIN GRÁFICOS | INCLUYE COOLER,ryzen 7 8700f,$325.99 Inc. IVA,325.99,285.81,1683.38,5696.81,246.41,https://www.tecnosmart.com.ec/producto/procesador-amd-ryzen-7-8700f-turbo-5-00-ghz-8-cores-16-hilos-am5-65w-sin-graficos-incluye-cooler/,2026-06-30,2026-08-05
Tecnosmart,Ecuador,USD,CPU,PROCESADOR AMD RYZEN 5 9600X – AM5 – 6 CORES – 12 THREAD – 38MB – 65W,ryzen 5 9600x,$333.99 Inc. IVA,333.99,292.82,1724.69,5836.61,252.45,https://www.tecnosmart.com.ec/producto/procesador-amd-ryzen-5-9600x-am5-6-cores-12-thread-38mb-65w/,2026-06-30,2026-08-05
Tecnosmart,Ecuador,USD,CPU,PROCESADOR AMD RYZEN 5 8500G – BASE 3.5GHZ – 65W – AM5 – GRAFICOS AMD RADEON™ 740M – TRAY,ryzen 5 8500g,$179.99 Inc. IVA,179.99,157.8,929.45,3145.4,136.05,https://www.tecnosmart.com.ec/producto/procesador-amd-ryzen-5-8500g-base-3-5ghz-65w-am5-graficos-amd-radeon-740m-tray/,2026-06-30,2026-08-05
Tecnosmart,Ecuador,USD,CPU,PROCESADOR AMD RYZEN 5 5600XT – 3.7 GHZ BASE – HASTA 4.7GHZ – 65W – AM4,ryzen 5 5600xt,$216.99 Inc. IVA,216.99,190.24,1120.51,3791.99,164.02,https://www.tecnosmart.com.ec/producto/procesador-amd-ryzen-5-5600xt-3-7-ghz-base-hasta-4-7ghz-65w-am4/,2026-06-30,2026-08-05
Tecnosmart,Ecuador,USD,CPU,Procesador AMD Ryzen 9 9950x3D2 Dual Edition | 16-Cores/32-Hilos | AM5 | Gráficos integrados,ryzen 9 9950x3d2,$1370.99 Inc. IVA,1370.99,1201.99,7079.66,23958.6,1036.29,https://www.tecnosmart.com.ec/producto/procesador-amd-ryzen-9-9950x3d2-dual-edition-16-cores-32-hilos-am5-graficos-integrados/,2026-06-30,2026-08-05
Tecnosmart,Ecuador,USD,CPU,PROCESADOR AMD RYZEN 9 9950X3D 4.3GHz – TURBO 5.7GHZ – 16-CORES – 32-HILOS – AM5 – 170W,ryzen 9 9950x3d,$999.99 Inc. IVA,999.99,876.72,5163.85,17475.23,755.86,https://www.tecnosmart.com.ec/producto/procesador-amd-ryzen-9-9950x3d-4-3ghz-turbo-5-7ghz-16-cores-32-hilos-am5-170w/,2026-06-30,2026-08-05
Tecnosmart,Ecuador,USD,CPU,PROCESADOR AMD RYZEN 9 9900X3D 4.4GHZ – 12 CORES – 24HILOS – 128MB L3-CACHE – 120W,ryzen 9 9900x3d,$769.99 Inc. IVA,769.99,675.07,3976.15,13455.88,582.01,https://www.tecnosmart.com.ec/producto/procesador-amd-ryzen-9-9900x3d-4-4ghz-12-cores-24hilos-128mb-l3-cache-120w/,2026-06-30,2026-08-05
Tecnosmart,Ecuador,USD,CPU,PROCESADOR AMD RYZEN 5 9600 – AM5 – 6 CORES – 12 THREAD – TURBO 5.2GHZ – 65W,ryzen 5 9600,$317.99 Inc. IVA,317.99,278.79,1642.07,5557.0,240.36,https://www.tecnosmart.com.ec/producto/procesador-amd-ryzen-5-9600-am5-6-cores-12-thread-turbo-5-2ghz-65w/,2026-06-30,2026-08-05
Tecnosmart,Ecuador,USD,CPU,PROCESADOR AMD RYZEN 5 5500X3D 3.0GHZ BASE – 6 CORES – 12HILOS – 96MB L3-CACHE – 105W,ryzen 5 5500x3d,$244.99 Inc. IVA,244.99,214.79,1265.1,4281.3,185.18,https://www.tecnosmart.com.ec/producto/procesador-amd-ryzen-5-5500x3d-3-0ghz-base-6-cores-12hilos-96mb-l3-cache-105w/,2026-06-30,2026-08-05
Tecnosmart,Ecuador,USD,CPU,Procesador Intel Core i7-9700F 3GHZ 12MB CACHE LGA1151,core i7-9700f,$365.99 Inc. IVA,365.99,320.87,1889.94,6395.82,276.64,https://www.tecnosmart.com.ec/producto/procesador-intel-core-i7-9700f-3ghz-12mb-cache-lga1151/,2026-06-30,2026-08-05
Tecnosmart,Ecuador,USD,CPU,Procesador Intel Core i7-14700KF 20-Cores/28-Hilos (8P+12E) Base 3.4GHz Turbo 5.4GHz – Caché 33MB – LGA1700 14th Gen no graphics,core i7-14700kf,$494.99 Inc. IVA,494.99,433.97,2556.08,8650.15,374.15,https://www.tecnosmart.com.ec/producto/procesador-intel-core-i7-14700kf-20-cores-28-hilos-8p12e-base-3-4ghz-turbo-5-4ghz-cache-33mb-lga1700-14th-gen-no-graphics/,2026-06-30,2026-08-05
Tecnosmart,Ecuador,USD,CPU,Procesador Intel Core i7-10700K,core i7-10700k,$575.99 Inc. IVA,575.99,504.99,2974.35,10065.66,435.37,https://www.tecnosmart.com.ec/producto/procesador-intel-core-i7-10700k/,2026-06-30,2026-08-05
Tecnosmart,Ecuador,USD,CPU,Procesador Intel Core i5-13600KF 14-Cores/20-Hilos (6P+8E) Base 3.5GHz Turbo 5.1GHz – Caché 24MB – LGA1700 13th Gen no graphics,core i5-13600kf,$462.99 Inc. IVA,462.99,405.92,2390.83,8090.94,349.96,https://www.tecnosmart.com.ec/producto/procesador-intel-core-i5-13600kf-14-cores-20-hilos-6p8e-base-3-5ghz-turbo-5-1ghz-cache-24mb-lga1700-13th-gen-no-graphics/,2026-06-30,2026-08-05
Tecnosmart,Ecuador,USD,CPU,PROCESADOR INTEL CORE i7-9750H – SRF6U PARA LAPTOP,core i7-9750h,$151.99 Inc. IVA,151.99,133.25,784.86,2656.09,114.88,https://www.tecnosmart.com.ec/producto/procesador-intel-core-i7-9750h-srf6u-para-laptop/,2026-06-30,2026-08-05
Tecnosmart,Ecuador,USD,CPU,PROCESADOR INTEL CORE i7-13700F – 13TH – LGA 1700 – 2.10GHZ HASTA 5.20GHZ – 24M – 65W – 16 CORES (BX8071513700F),core i7-13700f,$535.99 Inc. IVA,535.99,469.92,2767.8,9366.64,405.14,https://www.tecnosmart.com.ec/producto/procesador-intel-core-i7-13700f-13th-lga-1700-2-10ghz-hasta-5-20ghz-24m-65w-16-cores-bx8071513700f/,2026-06-30,2026-08-05
Tecnosmart,Ecuador,USD,CPU,PROCESADOR INTEL CORE i7-13700 – 13TH – LGA 1700 – 2.10GHZ HASTA 5.20GHZ – 30M – 8 CORES – 16 NUCLEOS,core i7-13700,$583.99 Inc. IVA,583.99,512.0,3015.67,10205.46,441.42,https://www.tecnosmart.com.ec/producto/procesador-intel-core-i7-13700-13th-lga-1700-2-10ghz-hasta-5-20ghz-30m-8-cores-16-nucleos/,2026-06-30,2026-08-05
Tecnosmart,Ecuador,USD,CPU,PROCESADOR INTEL CORE i5-13400F – 2.50GHZ BASE – 65W – 10 NUCLEOS (BX8071513400F),core i5-13400f,$309.99 Inc. IVA,309.99,271.78,1600.76,5417.2,234.31,https://www.tecnosmart.com.ec/producto/procesador-intel-core-i5-13400f-2-50ghz-base-65w-10-nucleos-bx8071513400f/,2026-06-30,2026-08-05
Tecnosmart,Ecuador,USD,CPU,PROCESADOR INTEL CORE i5-13400 4.6GHz – 20MB – LGA1700 – 13th GEN,core i5-13400,$284.99 Inc. IVA,284.99,249.86,1471.66,4980.31,215.42,https://www.tecnosmart.com.ec/producto/procesador-intel-core-i5-13400-4-6ghz-20mb-lga1700-13th-gen/,2026-06-30,2026-08-05
Tecnosmart,Ecuador,USD,CPU,PROCESADOR INTEL CORE i5-12400 4.4GHz – 18MB – LGA1700 – 12th GEN – TRAY (SIN CAJA),core i5-12400,$204.99 Inc. IVA,204.99,179.72,1058.55,3582.28,154.95,https://www.tecnosmart.com.ec/producto/procesador-intel-core-i5-12400-4-4ghz-18mb-lga1700-12th-gen-tray-sin-caja/,2026-06-30,2026-08-05
Tecnosmart,Ecuador,USD,CPU,PROCESADOR INTEL CORE i3-14100 – 3.5GHZ – 14TH – LGA1700 – 4 CORES,core i3-14100,$175.99 Inc. IVA,175.99,154.3,908.79,3075.5,133.03,https://www.tecnosmart.com.ec/producto/procesador-intel-core-i3-14100-3-5ghz-14th-lga1700-4-cores/,2026-06-30,2026-08-05
Tecnosmart,Ecuador,USD,CPU,PROCESADOR INTEL CORE i3-13100 – 3.40GHZ – 13TH – LGA1700 – 4 CORES – 12MB CACHE,core i3-13100,$220.99 Inc. IVA,220.99,193.75,1141.17,3861.89,167.04,https://www.tecnosmart.com.ec/producto/procesador-intel-core-i3-13100-3-40ghz-13th-lga1700-4-cores-12mb-cache/,2026-06-30,2026-08-05
Tecnosmart,Ecuador,USD,CPU,PROCESADOR AMD RYZEN 9 7900X 4.7GHz BASE – 12 CORES – 24 HILOS – AM5 – 170W,ryzen 9 7900x,$543.99 Inc. IVA,543.99,476.93,2809.11,9506.44,411.19,https://www.tecnosmart.com.ec/producto/procesador-amd-ryzen-9-7900x-4-7ghz-base-12-cores-24-hilos-am5-170w/,2026-06-30,2026-08-05
Tecnosmart,Ecuador,USD,GPU,TARJETA DE VIDEO GIGABYTE GEFORCE RTX 5050 8GB GDDR6 – OC EDITION – WINDFORCE 2X – HDMI/DP (GV-N5050WF2OCV2-8GDG),rtx 5050 8gb,$473.99 Inc. IVA,473.99,415.56,2447.64,8283.16,358.27,https://www.tecnosmart.com.ec/producto/tarjeta-de-video-gigabyte-geforce-rtx-5050-8gb-gddr6-oc-edition-windforce-2x-hdmi-dp-gv-n5050wf2ocv2-8gdg10/,2026-06-30,2026-08-05
Tecnosmart,Ecuador,USD,GPU,TARJETA DE VIDEO GIGABYTE RADEON RX 7600 GAMING OC 8G GDDR6 – WINDFORCE/OC EDITION – DP/HDMI – BLACK (GV-R76GAMING OC-8GD G11),rx 7600 gaming,$366.99 Inc. IVA,366.99,321.75,1895.1,6413.3,277.4,https://www.tecnosmart.com.ec/producto/gigabyte-gv-r76gaming-oc-8gd-g11/,2026-06-30,2026-08-05
Tecnosmart,Ecuador,USD,GPU,TARJETA DE VIDEO GIGABYTE GEFORCE RTX 5060 WINDFORCE MAX OC 8G – GDDR7 – PCIE 5.0 – HDMI/DP (GV-N5060WF2MAXOC),rtx 5060,$553.99 Inc. IVA,553.99,485.7,2860.75,9681.2,418.74,https://www.tecnosmart.com.ec/producto/gigabyte-gv-n5060wf2maxoc/,2026-06-30,2026-08-05
Tecnosmart,Ecuador,USD,GPU,TARJETA DE VIDEO GIGABYTE AMD RADEON RX 7600 XT – 16GB GDDR6 GAMING OC – WINDFORCE – RAYTRACING – 3 FANS – HDMI/DP (GV-R76XTGAMING OC-16GD),rx 7600 xt,$513.99 Inc. IVA,513.99,450.63,2654.19,8982.18,388.51,https://www.tecnosmart.com.ec/producto/tarjeta-de-video-gigabyte-amd-radeon-rx-7600-xt-16gb-gddr6-gaming-oc-windforce-raytracing-3-fans-hdmi-dp-gv-r76xtgaming-oc-16gd/,2026-06-30,2026-08-05
Tecnosmart,Ecuador,USD,GPU,TARJETA DE VIDEO ASUS RADEON RX 9060 XT – 16GB GDDR6 GAMING OC – WINDFORCE – 2 FANS – HDMI/DP,rx 9060 xt,$776.99 Inc. IVA,776.99,681.21,4012.3,13578.21,587.3,https://www.tecnosmart.com.ec/producto/tarjeta-de-video-gigabyte-amd-radeon-rx-9060-xt-16gb-gddr6-gaming-oc-windforce-3-fans-hdmi-dp-gv-r9060xtgaming-oc-16gd/,2026-06-30,2026-08-05
Tecnosmart,Ecuador,USD,GPU,TARJETA DE VIDEO MSI VENTUS 2X – RTX 3050 6GB GDDR6 OC- HDMI/DP – PCIe 4.0 – RAY TRACING/DLSS (912-V812-060),rtx 3050 6gb,$320.99 Inc. IVA,320.99,281.42,1657.56,5609.43,242.63,https://www.tecnosmart.com.ec/producto/tarjeta-de-video-msi-ventus-2x-rtx-3050-6gb-gddr6-oc-hdmi-dp-pcie-4-0-ray-tracing-dlss-912-v812-060/,2026-06-30,2026-08-05
Tecnosmart,Ecuador,USD,GPU,TARJETA DE VIDEO MSI GEFORCE RTX 5060 8G VENTUS 3X OC EDITION – 8GB GDDR7 – HDMI 2.1b/DP v2.1b (912-V537-036),rtx 5060 8g,$519.99 Inc. IVA,519.99,455.89,2685.18,9087.03,393.04,https://www.tecnosmart.com.ec/producto/tarjeta-de-video-msi-geforce-rtx-5060-8g-ventus-3x-oc-edition-8gb-gddr7-hdmi-2-1b-dp-v2-1b-912-v537-036/,2026-06-30,2026-08-05
Tecnosmart,Ecuador,USD,GPU,TARJETA DE VIDEO GIGABYTE GEFORCE RTX 5070TI GAMING OC 16GB GDDR7 – DP 2.1b / HDMI 2.1b – BLACK (GV-N507TGAMING OC-16GD),rtx 5070ti g,$1499.99 Inc. IVA,1499.99,1315.09,7745.8,26212.93,1133.8,https://www.tecnosmart.com.ec/producto/tarjeta-de-video-gigabyte-geforce-rtx-5070ti-gaming-oc-16gb-gddr7-dp-2-1b-hdmi-2-1b-black-gv-n507tgaming-oc-16gd/,2026-06-30,2026-08-05
Tecnosmart,Ecuador,USD,GPU,TARJETA DE VIDEO GIGABYTE AORUS EXTREME AMD RADEON RX 6900XT – 16GB GDDR6 – 4K UHD – PCI-E 4.0 – WATERBLOCK – DP 1.4 WITH DSC/HDMI 2.1 VRR + AORUS ROBOT XTREME (GV-R69XTAORUSX WB-16GD),rx 6900xt,$427.99 Inc. IVA,427.99,375.23,2210.1,7479.3,323.5,https://www.tecnosmart.com.ec/producto/tarjeta-de-video-gigabyte-aorus-extreme-amd-radeon-rx-6900xt-16gb-gddr6-4k-uhd-pci-e-4-0-waterblock-dp-1-4-with-dsc-hdmi-2-1-vrr-aorus-robot-xtreme-gv-r69xtaorusx-wb-16gd/,2026-06-30,2026-08-05
Tecnosmart,Ecuador,USD,GPU,TARJETA DE VIDEO ASUS PRIME GEFORCE RTX 5070 12GB GDDR7 – OC EDITION – HDMI 2.1b/DP 2.1b – PCI-E 5.0 – BLACK (PRIME-RTX5070-O12G),rtx 5070 12gb,$997.99 Inc. IVA,997.99,874.97,5153.52,17440.27,754.35,https://www.tecnosmart.com.ec/producto/tarjeta-de-video-asus-prime-geforce-rtx-5070-12gb-gddr7-oc-edition-hdmi-2-1b-dp-2-1b-pci-e-5-0-black-prime-rtx5070-o12g/,2026-06-30,2026-08-05
Tecnosmart,Ecuador,USD,GPU,TARJETA DE VIDEO ASUS GEFORCE GT710 – 2GB GDDR5 – HDMI/D-SUB/DVI-D (GT710-SL-2GD5-BRK-EVO),sin_clasificar,$63.99 Inc. IVA,63.99,56.1,330.44,1118.25,48.37,https://www.tecnosmart.com.ec/producto/tarjeta-de-video-asus-geforce-gt710-2gb-gddr5-hdmi-d-sub-dvi-d-gt710-sl-2gd5-brk-evo/,2026-06-30,2026-08-05
Tecnosmart,Ecuador,USD,GPU,TARJETA DE VIDEO ASUS DUAL GEFORCE RTX 5070 12GB GDDR7 – OC EDITION – HDMI/DP – BLACK (DUAL-RTX5070-O12G),rtx 5070 12gb,$981.99 Inc. IVA,981.99,860.94,5070.9,17160.67,742.26,https://www.tecnosmart.com.ec/producto/tarjeta-de-video-asus-dual-geforce-rtx-5070-12gb-gddr7-oc-edition-hdmi-dp-black-dual-rtx5070-o12g/,2026-06-30,2026-08-05
Tecnosmart,Ecuador,USD,GPU,TARJETA DE VIDEO ASUS DUAL GEFORCE RTX 5050 8GB GDDR6 OC EDITION – HDMI/DP – BLACK (DUAL-RTX5050-O8G),rtx 5050 8gb,$443.99 Inc. IVA,443.99,389.26,2292.72,7758.9,335.6,https://www.tecnosmart.com.ec/producto/tarjeta-de-video-asus-dual-geforce-rtx-5050-8gb-gddr6-oc-edition-hdmi-dp-black-dual-rtx5050-o8g/,2026-06-30,2026-08-05
Tecnosmart,Ecuador,USD,GPU,TARJETA DE VIDEO ASUS DUAL GEFORCE RTX 3050 6GB GDDR6 – OC EDITION – DP/HDMI/DVI-D (DUAL-RTX3050-O6G),rtx 3050 6gb,$311.99 Inc. IVA,311.99,273.53,1611.09,5452.15,235.82,https://www.tecnosmart.com.ec/producto/tarjeta-de-video-asus-dual-geforce-rtx-3050-6gb-gddr6-oc-edition-dp-hdmi-dvi-d-dual-rtx3050-o6g/,2026-06-30,2026-08-05
Tecnosmart,Ecuador,USD,GPU,TARJETA DE VIDEO GIGABYTE GEFORCE RTX 5060 EAGLE MAX OC 8GB GDDR7 – OC EDITION – WINDFORCE – DP 2.1b / HDMI 2.1b – BLACK (GV-N5060EAGLEMAX OC-8GD),rtx 5060,$550.99 Inc. IVA,550.99,483.07,2845.26,9628.77,416.48,https://www.tecnosmart.com.ec/producto/tarjeta-de-video-gigabyte-geforce-rtx-5060-eagle-max-oc-8gb-gddr7-oc-edition-windforce-dp-2-1b-hdmi-2-1b-black-gv-n5060eaglemax-oc-8gd/,2026-06-30,2026-08-05
Tecnosmart,Ecuador,USD,GPU,TARJETA DE VIDEO ASUS DUAL GEFORCE RTX 5060TI 16GB GDDR7 – OC EDITION – PCIE- 5.0 – HDMI/DP (DUAL-RTX5060TI-O16G-EVO),rtx 5060ti 16gb,$853.99 Inc. IVA,853.99,748.72,4409.92,14923.82,645.51,https://www.tecnosmart.com.ec/producto/tarjeta-de-video-asus-dual-geforce-rtx-5060ti-16gb-gddr7-oc-edition-pcie-5-0-hdmi-dp-dual-rtx5060ti-o16g-evo/,2026-06-30,2026-08-05
Tecnosmart,Ecuador,USD,GPU,TARJETA DE VIDEO ASUS DUAL GEFORCE RTX 5060TI 16GB GDDR7 – OC EDITION – PCIE- 5.0 – HDMI/DP (DUAL-RTX5060TI-O16G),rtx 5060ti 16gb,$730.99 Inc. IVA,730.99,640.88,3774.76,12774.34,552.53,https://www.tecnosmart.com.ec/producto/tarjeta-de-video-asus-dual-geforce-rtx-5060ti-16gb-gddr7-oc-edition-pcie-5-0-hdmi-dp-dual-rtx5060ti-o16g/,2026-06-30,2026-08-05
Tecnosmart,Ecuador,USD,GPU,TARJETA DE VIDEO ASUS DUAL GEFORCE RTX 5060 8GB GDDR7 – OC EDITION – DP/HDMI (DUAL-RTX5060-O8G),rtx 5060 8gb,$556.99 Inc. IVA,556.99,488.33,2876.24,9733.62,421.01,https://www.tecnosmart.com.ec/producto/tarjeta-de-video-asus-dual-geforce-rtx-5060-8gb-gddr7-oc-edition-dp-hdmi-dual-rtx5060-o8g/,2026-06-30,2026-08-05
Tecnosmart,Ecuador,USD,GPU,Tarjeta de video ASUS ROG ASTRAL GeForce RTX 5090 32GB GDDDR7,rtx 5090 32gb,$4518.99 Inc. IVA,4518.99,3961.93,23335.61,78971.16,3415.77,https://www.tecnosmart.com.ec/producto/asus-rog-astral-rtx5090-o32g-gaming/,2026-06-30,2026-08-05
Tecnosmart,Ecuador,USD,GPU,TARJETA DE VIDEO GIGABYTE GEFORCE RTX 3050 6GB GDDR6 OC EDITION WINDFORCE – HDMI/DP (GV-N3050WF2OC-6GD),rtx 3050 6gb,$336.99 Inc. IVA,336.99,295.45,1740.18,5889.04,254.72,https://www.tecnosmart.com.ec/producto/tarjeta-de-video-gigabyte-geforce-rtx-3050-6gb-gddr6-oc-edition-windforce-hdmi-dp-gv-n3050wf2oc-6gd/,2026-06-30,2026-08-05
Tecnosmart,Ecuador,USD,GPU,TARJETA DE VIDEO ASUS PHOENIX GEFORCE GTX 1630 4GB GDDR6 – AUTO EXTREME HDMI/DP/DVI-D (PH-GTX1630-4G),gtx 1630,$280.99 Inc. IVA,280.99,246.35,1451.0,4910.41,212.39,https://www.tecnosmart.com.ec/producto/tarjeta-de-video-asus-phoenix-geforce-gtx-1630-4gb-gddr6-auto-extreme-hdmi-dp-dvi-d-ph-gtx1630-4g/,2026-06-30,2026-08-05
Tecnosmart,Ecuador,USD,GPU,Tarjeta de video Gigabyte GT 710 2GB – (GV-N710D3-2GL REV2.0),sin_clasificar,$88.99 Inc. IVA,88.99,78.02,459.54,1555.14,67.26,https://www.tecnosmart.com.ec/producto/tarjeta-de-video-gigabyte-gt-710-2gb-gv-n710d3-2gl-rev2-0/,2026-06-30,2026-08-05
Tecnosmart,Ecuador,USD,GPU,Tarjeta capturadora de video Blackmagic Design DeckLink Duo 2 4ch SDI Tarjeta de reproducción y captura BMD-BDLKDUO2,sin_clasificar,$727.99 Inc. IVA,727.99,638.25,3759.27,12721.92,550.27,https://www.tecnosmart.com.ec/producto/tarjeta-capturadora-de-video-blackmagic-design-decklink-duo-2-4ch-sdi-tarjeta-de-reproduccion-y-captura-bmd-bdlkduo2/,2026-06-30,2026-08-05
Tecnosmart,Ecuador,USD,GPU,TARJETA DE VIDEO MSI GEFORCE RTX 5080 16G INSPIRE 3X – OC EDITION – 16GB GDDR7 – HDMI 2.1b/DP v2.1b (912-V531-203),rtx 5080 16g,$2166.99 Inc. IVA,2166.99,1899.87,11190.12,37869.02,1637.96,https://www.tecnosmart.com.ec/producto/msi-geforce-rtx-5080-16g-inspire-3x/,2026-06-30,2026-08-05
Tecnosmart,Ecuador,USD,GPU,TARJETA DE VIDEO GIGABYTE GEFORCE RTX 5090 WINDFORCE OC – 32GB GDDR7 – PCIE 5.0 – HDMI 2.1b/DP 2.1b (GV-N5090WF3OC-32GD),rtx 5090,$3503.99 Inc. IVA,3503.99,3072.05,18094.25,61233.63,2648.56,https://www.tecnosmart.com.ec/producto/gigabyte-gv-n5090wf3oc-32gd/,2026-06-30,2026-08-05
Tecnosmart,Ecuador,USD,GPU,Tarjeta de video Gigabyte GT 1030 – 2GB – (GV-N1030D5-2GL),sin_clasificar,$140.99 Inc. IVA,140.99,123.61,728.06,2463.86,106.57,https://www.tecnosmart.com.ec/producto/gpu-gigabyte-geforce-gt-1030/,2026-06-30,2026-08-05
Tecnosmart,Ecuador,USD,GPU,Tarjeta de video Asus GT 710 2GB – (GT710-4H-SL-2GD5),sin_clasificar,$94.99 Inc. IVA,94.99,83.28,490.52,1659.99,71.8,https://www.tecnosmart.com.ec/producto/gpu-asus-geforce-gt-710/,2026-06-30,2026-08-05
Tecnosmart,Ecuador,USD,GPU,TARJETA DE VIDEO MSI SHADOW 2X GEFORCE RTX 5060 8GB GDDR7 – OC EDITION – GDDR7 – HDMI/DP – BLACK (912-V537-038),rtx 5060 8gb,$486.99 Inc. IVA,486.99,426.96,2514.77,8510.35,368.1,https://www.tecnosmart.com.ec/producto/tarjeta-de-video-msi-shadow-2x-geforce-rtx-5060-8gb-gddr7-oc-edition-gddr7-hdmi-dp-black-912-v537-038/,2026-06-30,2026-08-05
Tecnosmart,Ecuador,USD,GPU,TARJETA DE VIDEO MSI GEFORCE RTX 5060TI 16G VENTUS 2X OC PLUS – 16GB GDDR7 – DP/HDMI – 2 FAN – HDMI/DP – BLACK (912-V537-017),rtx 5060ti 16g,$838.99 Inc. IVA,838.99,735.57,4332.46,14661.69,634.17,https://www.tecnosmart.com.ec/producto/tarjeta-de-video-msi-geforce-rtx-5060ti-16g-ventus-2x-oc-plus-16gb-gddr7-dp-hdmi-2-fan-hdmi-dp-black-912-v537-017/,2026-06-30,2026-08-05
Tecnosmart,Ecuador,USD,GPU,TARJETA DE VIDEO GIGABYTE GEFORCE RTX 5080 GAMING OC 16GB GDDR7 – HDMI 2.1B /DP 1.4B (GV-N5080GAMING OC-16GD),rtx 5080 g,$2117.99 Inc. IVA,2117.99,1856.91,10937.09,37012.72,1600.93,https://www.tecnosmart.com.ec/producto/tarjeta-de-video-gigabyte-geforce-rtx-5080-gaming-oc-16gb-gddr7-hdmi-2-1b-dp-1-4b-gv-n5080gaming-oc-16gd/,2026-06-30,2026-08-05
Tecnosmart,Ecuador,USD,GPU,TARJETA DE VIDEO GIGABYTE GEFORCE RTX 5060TI EAGLE MAX OC 16GB GDDR7 – OC EDITION – DP 2.1b / HDMI 2.1b – BLACK (GV-N5060TIEAGLEMAX OC-16GD),rtx 5060ti,$850.99 Inc. IVA,850.99,746.09,4394.43,14871.39,643.24,https://www.tecnosmart.com.ec/producto/tarjeta-de-video-gigabyte-geforce-rtx-5060ti-eagle-max-oc-16gb-gddr7-oc-edition-dp-2-1b-hdmi-2-1b-black-gv-n5060tieaglemax-oc-16gd/,2026-06-30,2026-08-05
Tecnosmart,Ecuador,USD,GPU,TARJETA DE VIDEO GIGABYTE GEFORCE RTX 4060 8GB GDDR6 – WINDFORCE – OC EDITION – HDMI 2.1a/DP 1.4a (GV-N4060WF2OC-8GD),rtx 4060 8gb,$478.99 Inc. IVA,478.99,419.94,2473.46,8370.54,362.05,https://www.tecnosmart.com.ec/producto/tarjeta-de-video-gigabyte-geforce-rtx-4060-8gb-gddr6-windforce-oc-edition-hdmi-2-1a-dp-1-4a-gv-n4060wf2oc-8gd/,2026-06-30,2026-08-05
Tecnosmart,Ecuador,USD,GPU,TARJETA DE VIDEO ASUS TUF GEFORCE RTX 4070 TI SUPER BTF WHITE EDITION – 16GB GDDR6X – HDMI/DP (TUF-RTX4070S-O16G-BFT-WHITE),rtx 4070 ti,$1404.99 Inc. IVA,1404.99,1231.8,7255.23,24552.76,1061.99,https://www.tecnosmart.com.ec/producto/tarjeta-de-video-asus-tuf-geforce-rtx-4070-ti-super-btf-white-edition-16gb-gddr6x-hdmi-dp-tuf-rtx4070s-o16g-bft-white/,2026-06-30,2026-08-05
Tecnosmart,Ecuador,USD,GPU,TARJETA DE VIDEO ASUS PROART GEFORCE RTX 4060TI 16GB GDDR6 – ADVANCED EDTION – HDMI 2.1a/DP 1.4a – BLACK (PROART-RTX4060TI-A 16G),rtx 4060ti 16gb,$660.99 Inc. IVA,660.99,579.51,3413.29,11551.06,499.62,https://www.tecnosmart.com.ec/producto/tarjeta-de-video-asus-proart-geforce-rtx-4060ti-16gb-gddr6-advanced-edtion-hdmi-2-1a-dp-1-4a-black-proart-rtx4060ti-a-16g/,2026-06-30,2026-08-05
Tecnosmart,Ecuador,USD,GPU,TARJETA DE VIDEO ASUS DUAL GEFORCE RTX 4070 SUPER – 12GB GDDR6X – OC EDITION – HDMI/DP (DUAL-RTX4070S-O12G),rtx 4070 super,$917.99 Inc. IVA,917.99,804.83,4740.41,16042.24,693.88,https://www.tecnosmart.com.ec/producto/tarjeta-de-video-asus-dual-geforce-rtx-4070-super-12gb-gddr6x-oc-edition-hdmi-dp-dual-rtx4070s-o12g/,2026-06-30,2026-08-05
Tecnosmart,Ecuador,USD,GPU,TARJETA DE VIDEO ASUS PRIME RTX 5070 TI 16GB GDDR7 (PRIME-RTX5070TI-O16G),rtx 5070 ti 16gb,$1404.99 Inc. IVA,1404.99,1231.8,7255.23,24552.76,1061.99,https://www.tecnosmart.com.ec/producto/tarjeta-de-video-asus-prime-rtx-5070-ti-16gb-gddr7-prime-rtx5070ti-o16g/,2026-06-30,2026-08-05
Tecnosmart,Ecuador,USD,GPU,TARJETA DE VIDEO PROFESIONAL ASUS TURBO AMD RADEON AI PRO R9700 32GB GDDR6 (TURBO-AI-PRO-R9700-32G),sin_clasificar,$2999.99 Inc. IVA,2999.99,2630.18,15491.65,52426.03,2267.6,https://www.tecnosmart.com.ec/producto/tarjeta-de-video-profesional-asus-turbo-amd-radeon-ai-pro-r9700-32gb-gddr6-turbo-ai-pro-r9700-32g/,2026-06-30,2026-08-05
Tecnosmart,Ecuador,USD,GPU,TARJETA DE VIDEO GIGABYTE AORUS ELITE GEFORCE RTX 5060 – 8GB GDDR7 – 3 Ventiladores – BLACK (GV-N5060AORUS E-8GD),rtx 5060,$525.99 Inc. IVA,525.99,461.15,2716.16,9191.89,397.58,https://www.tecnosmart.com.ec/producto/tarjeta-de-video-gigabyte-aorus-elite-geforce-rtx-5060-8gb-gddr7-3-ventiladores-black-gv-n5060aorus-e-8gd/,2026-06-30,2026-08-05
Tecnosmart,Ecuador,USD,GPU,TARJETA DE VIDEO ASUS PRIME GEFORCE RTX 5060 8GB GDDR7 – OC EDITION – HDMI/DP (PRIME-RTX5060-O8G),rtx 5060 8gb,$513.99 Inc. IVA,513.99,450.63,2654.19,8982.18,388.51,https://www.tecnosmart.com.ec/producto/tarjeta-de-video-asus-prime-geforce-rtx-5060-8gb-gddr7-oc-edition-hdmi-dp-prime-rtx5060-o8g/,2026-06-30,2026-08-05
Tecnosmart,Ecuador,USD,GPU,TARJETA DE VIDEO ASUS TUF GAMING RTX5090 32GB GDDR7 – PCIE 5.0 – DP/HDMI – BLACK (TUF-RTX5090-32G-GAMING),rtx5090 32gb,$3478.99 Inc. IVA,3478.99,3050.13,17965.16,60796.74,2629.66,https://www.tecnosmart.com.ec/producto/tarjeta-de-video-asus-tuf-gaming-rtx5090-32gb-gddr7-pcie-5-0-dp-hdmi-black-tuf-rtx5090-32g-gaming/,2026-06-30,2026-08-05
Tecnosmart,Ecuador,USD,GPU,TARJETA DE VIDEO ASUS DUAL GEFORCE RTX 4060 TI OC EDITION 8GB GDDR6 – HDMI/DP (DUAL-RTX4060TI-O8G),rtx 4060 ti,$614.99 Inc. IVA,614.99,539.18,3175.75,10747.2,464.85,https://www.tecnosmart.com.ec/producto/tarjeta-de-video-asus-dual-geforce-rtx-4060-ti-oc-edition-8gb-gddr6-hdmi-dp-dual-rtx4060ti-o8g/,2026-06-30,2026-08-05
Tecnosmart,Ecuador,USD,GPU,TARJETA DE VIDEO MSI GEFORCE RTX 3050 8GB GDDR6 VENTUS 2X XS – DP/HDMI/DVI-D (912-V809-4266),rtx 3050 8gb,$305.99 Inc. IVA,305.99,268.27,1580.1,5347.3,231.29,https://www.tecnosmart.com.ec/producto/tarjeta-de-video-msi-geforce-rtx-3050-8gb-gddr6-ventus-2x-xs-dp-hdmi-dvi-d-912-v809-4266/,2026-06-30,2026-08-05
Tecnosmart,Ecuador,USD,GPU,TARJETA DE VIDEO GIGABYTE GEFORCE RTX 4090 GAMING OC EDITION – 24GB GDDR6X DP 1.4/HDMI 2.1 – PCI-E 4.0 (GV-N4090GAMING OC-24GD),rtx 4090 g,$2380.99 Inc. IVA,2380.99,2087.49,12295.19,41608.75,1799.72,https://www.tecnosmart.com.ec/producto/tarjeta-de-video-gigabyte-geforce-rtx-4090-gaming-oc-edition-24gb-gddr6x-dp-1-4-hdmi-2-1-pci-e-4-0-gv-n4090gaming-oc-24gd/,2026-06-30,2026-08-05
Tecnosmart,Ecuador,USD,GPU,TARJETA DE VIDEO GIGABYTE AORUS MASTER GEFORCE RTX 4080 16GB GDDR6X REV 1.0 – OC EDITION – WINDFORCE – DLSS/RAY TRACING/REFLEX/STUDIO – DP/HDMI (GV-N4080AORUS M-16GD),rtx 4080 16gb,$2068.99 Inc. IVA,2068.99,1813.95,10684.06,36156.43,1563.89,https://www.tecnosmart.com.ec/producto/tarjeta-de-video-gigabyte-aorus-master-geforce-rtx-4080-16gb-gddr6x-rev-1-0-oc-edition-windforce-dlss-ray-tracing-reflex-studio-dp-hdmi-gv-n4080aorus-m-16gd/,2026-06-30,2026-08-05
Tecnosmart,Ecuador,USD,GPU,TARJETA DE VIDEO ASUS TUF GAMING GEFORCE RTX 4070TI 12GB GDDR6X – HDMI 2.1a/ DP 1.4a – ARGB – BLACK ( TUF-RTX4070TI-12G-GAMING),rtx 4070ti 12gb,$1199.99 Inc. IVA,1199.99,1052.07,6196.63,20970.31,907.04,https://www.tecnosmart.com.ec/producto/tarjeta-de-video-asus-tuf-gaming-geforce-rtx-4070ti-12gb-gddr6x-hdmi-2-1a-dp-1-4a-argb-black-tuf-rtx4070ti-12g-gaming/,2026-06-30,2026-08-05
Tecnosmart,Ecuador,USD,GPU,TARJETA DE VIDEO ASUS TUF GAMING GEFORCE RTX 4070 Ti 12GB GDDR6X – OC EDITION (TUF-RTX4070TI-O12G-GAMING),rtx 4070 ti 12gb,$1104.99 Inc. IVA,1104.99,968.78,5706.06,19310.14,835.23,https://www.tecnosmart.com.ec/producto/tarjeta-de-video-asus-tuf-gaming-geforce-rtx-4070-ti-12gb-gddr6x-oc-edition-tuf-rtx4070ti-o12g-gaming/,2026-06-30,2026-08-05
Tecnosmart,Ecuador,USD,GPU,TARJETA DE VIDEO ASUS ROG STRIX GEFORCE RTX 4090 24GB GDDR6X – OC EDITION (ROG-STRIX-RTX4090-O24G-GAMING),rtx 4090 24gb,$3054.99 Inc. IVA,3054.99,2678.4,15775.66,53387.17,2309.18,https://www.tecnosmart.com.ec/producto/tarjeta-de-video-asus-rog-strix-geforce-rtx-4090-24gb-gddr6x-oc-edition-rog-strix-rtx4090-o24g-gaming/,2026-06-30,2026-08-05
Tecnosmart,Ecuador,USD,GPU,TARJETA DE VIDEO ASUS DUAL GEFORCE RTX 4070 SUPER EVO OC 12GB GDDR6X – DP/HDMI – BLACK (90YV0KC0-M0NA00),rtx 4070 super,$929.99 Inc. IVA,929.99,815.35,4802.38,16251.95,702.95,https://www.tecnosmart.com.ec/producto/tarjeta-de-video-asus-dual-geforce-rtx-4070-super-evo-oc-12gb-gddr6x-dp-hdmi-black-90yv0kc0-m0na00/,2026-06-30,2026-08-05
Tecnosmart,Ecuador,USD,GPU,TARJETA DE VIDEO ASUS DUAL GEFORCE RTX 4060 8GB GDDR6 OC EDITION – GPU TWEAK III – DLSS 3 – HDMI/DP (DUAL-RTX4060-O8G-WHITE),rtx 4060 8gb,$498.99 Inc. IVA,498.99,437.48,2576.73,8720.05,377.17,https://www.tecnosmart.com.ec/producto/tarjeta-de-video-asus-dual-geforce-rtx-4060-8gb-gddr6-oc-edition-gpu-tweak-iii-dlss-3-hdmi-dp-dual-rtx4060-o8g-white/,2026-06-30,2026-08-05
Tecnosmart,Ecuador,USD,GPU,TARJETA DE VIDEO ASUS DUAL GEFORCE RTX 4060 8GB GDDR6 OC EDITION – GPU TWEAK III – DLSS 3 – HDMI/DP (DUAL-RTX4060-O8G-EVO),rtx 4060 8gb,$455.99 Inc. IVA,455.99,399.78,2354.69,7968.61,344.67,https://www.tecnosmart.com.ec/producto/tarjeta-de-video-asus-dual-geforce-rtx-4060-8gb-gddr6-oc-edition-gpu-tweak-iii-dlss-3-hdmi-dp-dual-rtx4060-o8g-evo/,2026-06-30,2026-08-05
Tecnosmart,Ecuador,USD,GPU,TARJETA DE VIDEO GIGABYTE EAGLE GEFORCE RTX 3050 8GB OC HDMI 2.1/DP 1.4A (GV-N3050EAGLE OC-8GD),rtx 3050 8gb,$476.99 Inc. IVA,476.99,418.19,2463.13,8335.59,360.54,https://www.tecnosmart.com.ec/producto/tarjeta-de-video-gigabyte-eagle-geforce-rtx-3050-8gb-oc-hdmi-2-1-dp-1-4a-gv-n3050eagle-oc-8gd/,2026-06-30,2026-08-05
Tecnosmart,Ecuador,USD,GPU,TARJETA DE VIDEO ASUS TUF GAMING GEFORCE RTX 4080 16GB GDDR6X OC EDITION – DLSS – REFLEX – RAY TRACING – DP 1.4a/HDMI 2.1a (TUF-RTX4080-O16G-GAMING),rtx 4080 16gb,$2166.99 Inc. IVA,2166.99,1899.87,11190.12,37869.02,1637.96,https://www.tecnosmart.com.ec/producto/tarjeta-de-video-asus-tuf-gaming-geforce-rtx-4080-16gb-gddr6x-oc-edition-dlss-reflex-ray-tracing-dp-1-4a-hdmi-2-1a-tuf-rtx4080-o16g-gaming/,2026-06-30,2026-08-05
Tecnosmart,Ecuador,USD,GPU,TARJETA DE VIDEO ASUS ROG STRIX GAMING GEFORCE RTX 4080 16GB GDDR6X OC EDITION – DLSS – RAY TRACING – REFLEX – DP 1.4a/HDMI 2.1a (ROG-STRIX-RTX4080-O16G-GAMING),rtx 4080 16gb,$2396.99 Inc. IVA,2396.99,2101.51,12377.82,41888.36,1811.81,https://www.tecnosmart.com.ec/producto/tarjeta-de-video-asus-rog-strix-gaming-geforce-rtx-4080-16gb-gddr6x-oc-edition-dlss-ray-tracing-reflex-dp-1-4a-hdmi-2-1a-rog-strix-rtx4080-o16g-gaming/,2026-06-30,2026-08-05
Tecnosmart,Ecuador,USD,GPU,TARJETA DE VIDEO ASUS GEFORCE GT730 2GB GDDR5 – AUTO EXTREME – 0DB SILENT – 4 HDMI (GT730-4H-SL-2GD5),sin_clasificar,$121.99 Inc. IVA,121.99,106.95,629.94,2131.82,92.21,https://www.tecnosmart.com.ec/producto/tarjeta-de-video-asus-geforce-gt730-2gb-gddr5-auto-extreme-0db-silent-4-hdmi-gt730-4h-sl-2gd5/,2026-06-30,2026-08-05
Tecnosmart,Ecuador,USD,GPU,TARJETA DE VIDEO AFOX RX-550 4GB – GDDR5 – HDMI/DP/DVI-D,sin_clasificar,$222.99 Inc. IVA,222.99,195.5,1151.5,3896.84,168.55,https://www.tecnosmart.com.ec/producto/tarjeta-de-video-afox-rx-550-4gb-gddr5-hdmi-dp-dvi-d/,2026-06-30,2026-08-05
Tecnosmart,Ecuador,USD,GPU,Tarjeta de video Gigabyte Windforce RTX 3050 OC 8GB (GV-N3050GAMING OC-8GD),rtx 3050,$476.99 Inc. IVA,476.99,418.19,2463.13,8335.59,360.54,https://www.tecnosmart.com.ec/producto/tarjeta-de-video-gigabyte-windforce-rtx-3050-oc-8gb-gv-n3050gaming-oc-8gd/,2026-06-30,2026-08-05
Tecnosmart,Ecuador,USD,GPU,Tarjeta de video Asus ROG Strix RTX 3050 OC 8GB (ROG-STRIX-RTX3050-O8G-GAMING),rtx 3050,$727.99 Inc. IVA,727.99,638.25,3759.27,12721.92,550.27,https://www.tecnosmart.com.ec/producto/tarjeta-de-video-asus-rog-strix-rtx-3050-oc-8gb-rog-strix-rtx3050-o8g-gaming/,2026-06-30,2026-08-05
Tecnosmart,Ecuador,USD,GPU,Tarjeta de video Zotac RTX 3050 Twin Edge 8GB – (ZT-A30500E-10M),rtx 3050,$645.99 Inc. IVA,645.99,566.36,3335.83,11288.93,488.28,https://www.tecnosmart.com.ec/producto/tarjeta-de-video-zotac-geforce-rtx-3050-8gb-gddr6-twin-edge-dp-1-4a-hdmi-2-1-zt-a30500e-10m/,2026-06-30,2026-08-05
Tecnosmart,Ecuador,USD,GPU,Tarjeta de video Biostar G210 1GB – (VN2103NHG6-SBARL-BS2),sin_clasificar,$45.99 Inc. IVA,45.99,40.32,237.49,803.69,34.76,https://www.tecnosmart.com.ec/producto/tarjeta-de-video-biostar-g210-1gb-ddr3-hdmi-dvi-vga-vn2103nhg6-sbarl-bs2/,2026-06-30,2026-08-05
Tecnosmart,Ecuador,USD,GPU,Tarjeta de video Asus Dual RTX 3050 8GB OC – (DUAL-RTX3050-O8G),rtx 3050 8gb,$449.99 Inc. IVA,449.99,394.52,2323.7,7863.76,340.13,https://www.tecnosmart.com.ec/producto/tarjeta-de-video-asus-dual-geforce-rtx-3050-dual-gddr6-oc-edition-dp-hdmi-dual-rtx3050-o8g/,2026-06-30,2026-08-05
Tecnosmart,Ecuador,USD,GPU,Tarjeta de video Gigabyte GT 1030 2GB – (GV-N1030D4-2GL),sin_clasificar,$100.99 Inc. IVA,100.99,88.54,521.5,1764.84,76.34,https://www.tecnosmart.com.ec/producto/tarjeta-de-video-gigabyte-geforce-gt-1030-2gb-ddr4-low-profile-gv-n1030d4-2gl/,2026-06-30,2026-08-05
Tecnosmart,Ecuador,USD,GPU,Tarjeta de video Asus Dual RX 580 8GB OC – (Dual-RX580-O8G),rx 580 8gb,$721.99 Inc. IVA,721.99,632.99,3728.28,12617.06,545.73,https://www.tecnosmart.com.ec/producto/tarjeta-de-video-asus-dual-radeon-rx-580-8gb-oc-edition-dual-rx580-o8g/,2026-06-30,2026-08-05
Tecnosmart,Ecuador,USD,GPU,Tarjeta de video MSI N210 1GB – (912-V809-3634),sin_clasificar,$39.99 Inc. IVA,39.99,35.06,206.5,698.84,30.23,https://www.tecnosmart.com.ec/producto/gpu-msi-geforce-n210/,2026-06-30,2026-08-05
Tecnosmart,Ecuador,USD,GPU,GPU Asus TUF RX 6700XT OC EDITION – 12GB – (90YV0G80-M0AA00),rx 6700xt,$1450.99 Inc. IVA,1450.99,1272.13,7492.77,25356.63,1096.76,https://www.tecnosmart.com.ec/producto/tarjeta-de-video-asus-tuf-rx-6700xt-12gb-oc-edition-gddr6-90yv0g80-m0aa00/,2026-06-30,2026-08-05
Tecnosmart,Ecuador,USD,RAM,Memoria RAM Kingston Fury Beast 8GB DDR5-5600 BLACK (KF556C40BB-8),kingston 8gb ddr5 fury,$225.99 Inc. IVA,225.99,198.13,1166.99,3949.27,170.82,https://www.tecnosmart.com.ec/producto/ram-kingston-fury-beast-8gb-ddr5-5600mt-s-cl40-black-kf556c40bb-8/,2026-06-30,2026-08-05
Tecnosmart,Ecuador,USD,RAM,Memoria RAM DDR4 Corsair Vengeance LPX 8GB 3200Mhz – (CMK8GX4M1Z3200C16),corsair 8gb ddr4 vengeance 3200mhz,$156.99 Inc. IVA,156.99,137.64,810.68,2743.46,118.66,https://www.tecnosmart.com.ec/producto/ram-ddr4-corsair-vengeance-lpx-8gb-a-3200mhz/,2026-06-30,2026-08-05
Tecnosmart,Ecuador,USD,RAM,Memoria RAM Kingston Fury Beast 32GB DDR5-5600 BLACK (KF556C40BB-32),kingston 32gb ddr5 fury,$475.99 Inc. IVA,475.99,417.31,2457.96,8318.12,359.79,https://www.tecnosmart.com.ec/producto/producto-193/,2026-06-30,2026-08-05
Tecnosmart,Ecuador,USD,RAM,Memoria RAM DDR4 Kingston Fury 8GB 3200Mhz – (KVR32N22S8/8 – KVR32N22S6/8),kingston 8gb ddr4 fury 3200mhz,$164.99 Inc. IVA,164.99,144.65,851.99,2883.27,124.71,https://www.tecnosmart.com.ec/producto/memoria-ram-ddr4-kingston-fury-8gb-3200mhz-kvr32n22s8-8-kvr32n22s6-8/,2026-06-30,2026-08-05
Tecnosmart,Ecuador,USD,RAM,Memoria RAM DDR4 SO-DIMM Kingston Fury Impact 32GB 3200Mhz – (KF432S20IB/32),kingston 32gb ddr4 sodimm fury 3200mhz,$281.99 Inc. IVA,281.99,247.23,1456.17,4927.89,213.15,https://www.tecnosmart.com.ec/producto/memoria-ram-ddr4-so-dimm-kingston-fury-impact-32gb-3200mhz-kf432s20ib-32/,2026-06-30,2026-08-05
Tecnosmart,Ecuador,USD,RAM,Memoria RAM DDR3 Kingston 8GB 1600MHz – (KVR16N11/8),kingston 8gb ddr3 1600mhz,$47.99 Inc. IVA,47.99,42.07,247.82,838.64,36.27,https://www.tecnosmart.com.ec/producto/ram-kingston-8gb-ddr3-1600mhz-dimm-valueram-kvr16n11-8/,2026-06-30,2026-08-05
Tecnosmart,Ecuador,USD,RAM,Memoria RAM DDR5 Kingston Fury Beast 16GB 5200MHZ – (KF552C40BB-16),kingston 16gb ddr5 fury 5200mhz,$318.99 Inc. IVA,318.99,279.67,1647.23,5574.48,241.11,https://www.tecnosmart.com.ec/producto/ram-kingston-fury-beast-16gb-ddr5-5200mhz-cl40-kf552c40bb-16/,2026-06-30,2026-08-05
Tecnosmart,Ecuador,USD,RAM,Memoria RAM DDR4 Kingston Fury Beast 16GB RGB 3600MHZ – (KF436C18BBA/16),kingston 16gb ddr4 fury 3600mhz,$253.99 Inc. IVA,253.99,222.68,1311.58,4438.58,191.98,https://www.tecnosmart.com.ec/producto/ram-kingston-fury-beast-16gb-rgb-ddr4-3600mhz-cl18-black-kf436c18bba-16/,2026-06-30,2026-08-05
Tecnosmart,Ecuador,USD,RAM,Memoria RAM Kingston Fury Beast 16GB DDR5-5600 BLACK (KF556C40BB-16),kingston 16gb ddr5 fury,$326.99 Inc. IVA,326.99,286.68,1688.54,5714.28,247.16,https://www.tecnosmart.com.ec/producto/ram-kingston-fury-beast-16gb-ddrr5-5600mhz-cl40-black-kf556c40bb-16/,2026-06-30,2026-08-05
Tecnosmart,Ecuador,USD,RAM,Memoria RAM DDR4 Corsair Vengeance RGB RS 8GB 3200MHZ CL16 BLACK – (CMG8GX4M1E3200C16),corsair 8gb ddr4 vengeance 3200mhz,$269.99 Inc. IVA,269.99,236.71,1394.2,4718.18,204.08,https://www.tecnosmart.com.ec/producto/ram-corsair-vengeance-rgb-rs-8gb-3200mhz-ddr4-cl16-black-cmg8gx4m1e3200c16/,2026-06-30,2026-08-05
Tecnosmart,Ecuador,USD,RAM,Memoria RAM DDR4 Kingston Fury Beast 8GB 3200MHZ – (KF432C16BB/8),kingston 8gb ddr4 fury 3200mhz,$156.99 Inc. IVA,156.99,137.64,810.68,2743.46,118.66,https://www.tecnosmart.com.ec/producto/ram-kingston-fury-beast-8gb-ddr4-3200mhz-cl16-black-kf432c16bb-8/,2026-06-30,2026-08-05
Tecnosmart,Ecuador,USD,RAM,Ram Kingston Fury Beast RGB 32GB DDR5 5600MT/s – Black,kingston 32gb ddr5 fury 5600mhz,$463.99 Inc. IVA,463.99,406.79,2396.0,8108.41,350.72,https://www.tecnosmart.com.ec/producto/ram-kingston-fury-beast-rgb-32gb-ddr5-5600mt-s-cl40-dimm-kf556c40bba-32/,2026-06-30,2026-08-05
Tecnosmart,Ecuador,USD,RAM,Ram Kingston Fury Beast RGB 16GB DDR5 5600MT/s – Black,kingston 16gb ddr5 fury 5600mhz,$306.99 Inc. IVA,306.99,269.15,1585.27,5364.77,232.04,https://www.tecnosmart.com.ec/producto/producto-194/,2026-06-30,2026-08-05
Tecnosmart,Ecuador,USD,RAM,Memoria Ram Kingston 8GB DDR3L 1600MHz So-Dimm (KVR16LS11/8),kingston 8gb sodimm 1600mhz,$51.99 Inc. IVA,51.99,45.58,268.47,908.55,39.3,https://www.tecnosmart.com.ec/producto/memoria-ram-kingston-8gb-ddr3l-1600mhz-so-dimm-kvr16ls11-8/,2026-06-30,2026-08-05
Tecnosmart,Ecuador,USD,RAM,Memoria RAM DDR4 Kingston Fury 8GB 2666Mhz,kingston 8gb ddr4 fury 2666mhz,$72.99 Inc. IVA,72.99,63.99,376.91,1275.53,55.17,https://www.tecnosmart.com.ec/producto/memoria-ram-ddr4-kingston-fury-8gb-2666mhz/,2026-06-30,2026-08-05
Tecnosmart,Ecuador,USD,RAM,Memoria RAM DDR4 Kingston Fury 16GB 3200Mhz – (HX432C16FB4/16),kingston 16gb ddr4 fury 3200mhz,$152.99 Inc. IVA,152.99,134.13,790.03,2673.56,115.64,https://www.tecnosmart.com.ec/producto/memoria-ram-ddr4-kingston-fury-16gb-3200mhz-hx432c16fb4-16/,2026-06-30,2026-08-05
Tecnosmart,Ecuador,USD,RAM,Memoria RAM DDR4 XPG Spectrix D50 RGB 8GB 3000Mhz – (AX4U30008G16A-ST50),xpg 8gb ddr4 spectrix 3000mhz,$120.99 Inc. IVA,120.99,106.08,624.78,2114.35,91.45,https://www.tecnosmart.com.ec/producto/memoria-ram-ddr4-xpg-spectrix-d50-rgb-8gb-3000mhz-ax4u30008g16a-st50/,2026-06-30,2026-08-05
Tecnosmart,Ecuador,USD,RAM,Memoria RAM DDR4 Kingston Fury Beast 8GB 2666Mhz – (KF436C17BBA/8),kingston 8gb ddr4 fury 2666mhz,$51.99 Inc. IVA,51.99,45.58,268.47,908.55,39.3,https://www.tecnosmart.com.ec/producto/memoria-ram-ddr4-kingston-fury-beast-8gb-2666mhz-kf436c17bba-8/,2026-06-30,2026-08-05
Tecnosmart,Ecuador,USD,RAM,Memoria RAM DDR4 SO-DIMM Kingston 8GB 3200MHz – (KVR32S22S8/8),kingston 8gb ddr4 sodimm 3200mhz,$76.99 Inc. IVA,76.99,67.5,397.57,1345.43,58.19,https://www.tecnosmart.com.ec/producto/ram-kingston-8gb-ddr4-3200mhz-so-dimm-cl22-kvr32s22s8-8/,2026-06-30,2026-08-05
Tecnosmart,Ecuador,USD,RAM,Memoria RAM DDR3 Kingston 8GB 1600MHZ ECC 1.5v para Servidor – KVR16R11D4/8HC,kingston 8gb ddr3 1600mhz,$59.99 Inc. IVA,59.99,52.6,309.78,1048.35,45.34,https://www.tecnosmart.com.ec/producto/ram-kingston-8gb-ddr3-1600mhz-ecc-1-5v-para-servidor-kvr16r11d4-8hc/,2026-06-30,2026-08-05
Tecnosmart,Ecuador,USD,RAM,Memoria RAM DDR4 SO-DIMM Kingston 16GB 3200Mhz – (KVR32S22D8/16),kingston 16gb ddr4 sodimm 3200mhz,$128.99 Inc. IVA,128.99,113.09,666.09,2254.15,97.5,https://www.tecnosmart.com.ec/producto/ram-ddr4-kingston-16gb-a-3200mhz-so-dimm/,2026-06-30,2026-08-05
Tecnosmart,Ecuador,USD,RAM,Memoria RAM DDR4 Kingston 16GB 3200MHz – (KVR32N22D8/16),kingston 16gb ddr4 3200mhz,$132.99 Inc. IVA,132.99,116.6,686.75,2324.05,100.52,https://www.tecnosmart.com.ec/producto/ram-kingston-16gb-ddr4-3200mhz-dimm-cl22-kvr32n22d8-16/,2026-06-30,2026-08-05
Tecnosmart,Ecuador,USD,RAM,Memoria RAM DDR4 SO-DIMM Kingston 16GB 2666MHz – (KVR26S19S8/16),kingston 16gb ddr4 sodimm 2666mhz,$59.99 Inc. IVA,59.99,52.6,309.78,1048.35,45.34,https://www.tecnosmart.com.ec/producto/ram-kingston-16gb-ddr4-2666mhz-so-dimm-cl19-kvr26s19s8-16/,2026-06-30,2026-08-05
Tecnosmart,Ecuador,USD,RAM,Memoria RAM DDR4 Corsair Vengeance RGB PRO 16GB 3200Mhz – (CMW16GX4M1Z3200C16),corsair 16gb ddr4 vengeance 3200mhz,$221.99 Inc. IVA,221.99,194.63,1146.33,3879.36,167.8,https://www.tecnosmart.com.ec/producto/ram-ddr4-corsair-vengeance-rgb-pro-16gb-a-3200mhz/,2026-06-30,2026-08-05
Tecnosmart,Ecuador,USD,RAM,Memoria RAM DDR4 Corsair Vengeance RGB RS 8GB 3200MHZ – (CMG8GX4M1E3200C16),corsair 8gb ddr4 vengeance 3200mhz,$47.99 Inc. IVA,47.99,42.07,247.82,838.64,36.27,https://www.tecnosmart.com.ec/producto/ram-corsair-vengeance-rgb-rs-8gb-3200mhz-ddr4-cl16-black-cmg8gx4m1e3200c16-2/,2026-06-30,2026-08-05
Tecnosmart,Ecuador,USD,RAM,Memoria RAM DDR4 SO-DIMM Kingston Fury Impact 8GB 3200MHZ – (KF432S20IB/8),kingston 8gb ddr4 sodimm fury 3200mhz,$39.99 Inc. IVA,39.99,35.06,206.5,698.84,30.23,https://www.tecnosmart.com.ec/producto/ram-kingston-fury-impact-8gb-ddr4-3200mhz-so-dimm-cl20-kf432s20ib-8/,2026-06-30,2026-08-05
Tecnosmart,Ecuador,USD,RAM,Memoria RAM DDR4 Kingston Fury Beast 8GB 3200MHZ RGB CL16 BLACK – (KF432C16BBA/8),kingston 8gb ddr4 fury 3200mhz,$47.99 Inc. IVA,47.99,42.07,247.82,838.64,36.27,https://www.tecnosmart.com.ec/producto/ram-kingston-fury-beast-8gb-ddr4-3200mhz-rgb-cl16-black-kf432c16bba-8/,2026-06-30,2026-08-05
Tecnosmart,Ecuador,USD,RAM,Memoria RAM DDR4 Kingston Fury Beast 16GB RGB 3200MHZ CL16 BLACK – (KF432C16BBA/16),kingston 16gb ddr4 fury 3200mhz,$76.99 Inc. IVA,76.99,67.5,397.57,1345.43,58.19,https://www.tecnosmart.com.ec/producto/ram-kingston-fury-beast-16gb-rgb-ddr4-3200mhz-cl16-black-kf432c16bba-16/,2026-06-30,2026-08-05
Tecnosmart,Ecuador,USD,RAM,Memoria RAM DDR5 Kingston Fury Beast 16GB DDR5 4800MHz CL38 BLACK – (KF548C38BBK2/32),kingston 16gb ddr5 fury 4800mhz,$108.99 Inc. IVA,108.99,95.55,562.81,1904.64,82.38,https://www.tecnosmart.com.ec/producto/ram-kingston-fury-beast-16gb-ddr5-4800mhz-cl38-black-kf548c38bbk2-32/,2026-06-30,2026-08-05
Tecnosmart,Ecuador,USD,RAM,Memoria RAM DDR5 Kingston Fury Beast 16GB DDR5 4800MHZ CL38 BLACK – (KF548C38BB-16),kingston 16gb ddr5 fury 4800mhz,$261.99 Inc. IVA,261.99,229.69,1352.89,4578.38,198.03,https://www.tecnosmart.com.ec/producto/ram-kingston-fury-beast-16gb-ddr5-4800mhz-cl38-black-kf548c38bb-16/,2026-06-30,2026-08-05
Tecnosmart,Ecuador,USD,RAM,Memoria RAM DDR4 Corsair Vengeance LPX 8GB 3600Mhz – (CMK8GX4M1Z3600C18),corsair 8gb ddr4 vengeance 3600mhz,$67.99 Inc. IVA,67.99,59.61,351.09,1188.15,51.39,https://www.tecnosmart.com.ec/producto/ram-ddr4-corsair-vengeance-lpx-8gb-a-3600mhz/,2026-06-30,2026-08-05
Tecnosmart,Ecuador,USD,RAM,Memoria RAM DDR4 Corsair Vengeance LPX 16GB 3600Mhz – (CMK16GX4M1Z3600C18),corsair 16gb ddr4 vengeance 3600mhz,$116.99 Inc. IVA,116.99,102.57,604.12,2044.45,88.43,https://www.tecnosmart.com.ec/producto/ram-ddr4-corsair-vengeance-lpx-16gb-a-3600mhz/,2026-06-30,2026-08-05
Tecnosmart,Ecuador,USD,RAM,Memoria RAM DDR4 Corsair Vengeance LPX 8GB 3000MHz – (CMK8GX4M1D3000C16),corsair 8gb ddr4 vengeance 3000mhz,$43.99 Inc. IVA,43.99,38.57,227.16,768.74,33.25,https://www.tecnosmart.com.ec/producto/memoria-ram-corsair-vengeance-lpx-ddr4-8gb-3000mhz-cmk8gx4m1d3000c16/,2026-06-30,2026-08-05
Tecnosmart,Ecuador,USD,RAM,Memoria RAM DDR4 Corsair Vengeance LPX 16GB 3000MHz – (CMK16GX4M1B3000C15),corsair 16gb ddr4 vengeance 3000mhz,$148.99 Inc. IVA,148.99,130.62,769.37,2603.66,112.62,https://www.tecnosmart.com.ec/producto/ram-corsair-vengeance-lpx-ddr4-16gb-3000mhz-cmk16gx4m1b3000c15/,2026-06-30,2026-08-05
Tecnosmart,Ecuador,USD,RAM,Memoria RAM DDR4 Corsair Vengeance RGB PRO 16GB 3600Mhz – (CMW16GX4M1Z3600C18),corsair 16gb ddr4 vengeance 3600mhz,$67.99 Inc. IVA,67.99,59.61,351.09,1188.15,51.39,https://www.tecnosmart.com.ec/producto/ram-ddr4-corsair-vengeance-rgb-pro-16gb-a-3600mhz-2/,2026-06-30,2026-08-05
Tecnosmart,Ecuador,USD,RAM,Memoria RAM DDR4 Corsair Vengeance LPX 16GB 3000MHZ – (CMK16GX4M1D3000C16),corsair 16gb ddr4 vengeance 3000mhz,$128.99 Inc. IVA,128.99,113.09,666.09,2254.15,97.5,https://www.tecnosmart.com.ec/producto/ram-corsair-vengeance-lpx-16gb-3000mhz-ddr4-cl16-black-cmk16gx4m1d3000c16/,2026-06-30,2026-08-05
Tecnosmart,Ecuador,USD,RAM,Memoria RAM DDR4 SO-DIMM Corsair Vengeance 4GB 2400MHZ – (CMSX4GXM1A2400C16),corsair 4gb ddr4 sodimm vengeance 2400mhz,$43.99 Inc. IVA,43.99,38.57,227.16,768.74,33.25,https://www.tecnosmart.com.ec/producto/ram-corsair-vengeance-4gb-2400mhz-so-dimm-c16-black-cmsx4gxm1a2400c16/,2026-06-30,2026-08-05
Tecnosmart,Ecuador,USD,RAM,Memoria RAM DDR5 Corsair Vengeance 16GB DDR5 4800MHZ Black – (CMK32GX5M2A4800C40),corsair 16gb ddr5 vengeance 4800mhz,$314.99 Inc. IVA,314.99,276.16,1626.58,5504.58,238.09,https://www.tecnosmart.com.ec/producto/ram-corsair-vengeance-16gb-ddr5-4800mhz-cl40-black-cmk32gx5m2a4800c40/,2026-06-30,2026-08-05
Tecnosmart,Ecuador,USD,RAM,Memoria RAM DDR4 Kingston 16GB 2666Mhz – (KVR26N19D8/16),kingston 16gb ddr4 2666mhz,$63.99 Inc. IVA,63.99,56.1,330.44,1118.25,48.37,https://www.tecnosmart.com.ec/producto/ram-kingston-16gb-ddr4-2666mhz-dimm-valueram-kvr26n19d8-16/,2026-06-30,2026-08-05
Tecnosmart,Ecuador,USD,RAM,Memoria RAM DDR4 Kingston Fury Beast 16GB 3200MHZ – (KF432C16BB/16),kingston 16gb ddr4 fury 3200mhz,$72.99 Inc. IVA,72.99,63.99,376.91,1275.53,55.17,https://www.tecnosmart.com.ec/producto/ram-kingston-fury-beast-16gb-ddr4-3200mhz-cl16-black-kf432c16bb-16/,2026-06-30,2026-08-05
Tecnosmart,Ecuador,USD,RAM,Memoria RAM DDR4 Kingston Value 8GB 2666Mhz – (KVR26N19S8/8),kingston 8gb ddr4 value 2666mhz,$43.99 Inc. IVA,43.99,38.57,227.16,768.74,33.25,https://www.tecnosmart.com.ec/producto/ram-kingston-8gb-ddr4-2666mhz-dimm-valueram-kvr26n19s8-8/,2026-06-30,2026-08-05
Tecnosmart,Ecuador,USD,RAM,Memoria RAM DDR4 HyperX Fury 8GB 3733MHz – (HX437C19FB3A/8),hyperx 8gb ddr4 fury 3733mhz,$108.99 Inc. IVA,108.99,95.55,562.81,1904.64,82.38,https://www.tecnosmart.com.ec/producto/ram-hyperx-fury-8gb-ddr4-3733mhz-cl19-hx437c19fb3a-8/,2026-06-30,2026-08-05
Tecnosmart,Ecuador,USD,RAM,Memoria RAM DDR4 HyperX Fury RGB 8GB 2666MHz – (HX426C16FB3A/8),hyperx 8gb ddr4 fury 2666mhz,$96.99 Inc. IVA,96.99,85.03,500.85,1694.94,73.31,https://www.tecnosmart.com.ec/producto/memoria-ram-hyperx-fury-rgb-8gb-ddr4-2666mhz-hx426c16fb3a-8/,2026-06-30,2026-08-05
Tecnosmart,Ecuador,USD,RAM,Memoria RAM DDR4 Kingston Fury Beast 8GB 3600MHZ – (KF436C17BB/8),kingston 8gb ddr4 fury 3600mhz,$47.99 Inc. IVA,47.99,42.07,247.82,838.64,36.27,https://www.tecnosmart.com.ec/producto/ram-kingston-fury-beast-8gb-ddr4-3600mhz-cl17-black-kf436c17bb-8/,2026-06-30,2026-08-05
Tecnosmart,Ecuador,USD,RAM,Memoria RAM DDR4 Kingston Fury Beast 16GB 3600MHZ – (KF436C18BB/16),kingston 16gb ddr4 fury 3600mhz,$67.99 Inc. IVA,67.99,59.61,351.09,1188.15,51.39,https://www.tecnosmart.com.ec/producto/ram-kingston-fury-beast-16gb-ddr4-3600mhz-cl18-black-kf436c18bb-16/,2026-06-30,2026-08-05
Tecnosmart,Ecuador,USD,RAM,Memoria RAM DDR4 HyperX PRedATOR RGB 8GB 3200MHz – (HX432C16PB3A/8),hyperx 8gb ddr4 predator 3200mhz,$104.99 Inc. IVA,104.99,92.05,542.16,1834.74,79.36,https://www.tecnosmart.com.ec/producto/ssd-corsair-force-mp510-240gb-nvme-pcie/,2026-06-30,2026-08-05
Tecnosmart,Ecuador,USD,RAM,Memoria RAM DDR4 HP V6 Red 8GB 2666Mhz – (7EH61AA#ABM),hp 8gb ddr4 2666mhz,$92.99 Inc. IVA,92.99,81.53,480.19,1625.04,70.29,https://www.tecnosmart.com.ec/producto/ssd-adata-su630-480gb-2-5/,2026-06-30,2026-08-05
Tecnosmart,Ecuador,USD,RAM,Memoria RAM DDR4 SO-DIMM HP S1 Series 8GB 2666 Mhz – (7EH98AA#ABM),hp 8gb ddr4 sodimm 2666mhz,$92.99 Inc. IVA,92.99,81.53,480.19,1625.04,70.29,https://www.tecnosmart.com.ec/producto/ssd-adata-su630-240gb-2-5/,2026-06-30,2026-08-05
Tecnosmart,Ecuador,USD,RAM,Memoria RAM DDR4 SO-DIMM Kingston Value 8GB 2666Mhz – (KVR26S19S6/8),kingston 8gb ddr4 sodimm value 2666mhz,$35.99 Inc. IVA,35.99,31.55,185.85,628.94,27.2,https://www.tecnosmart.com.ec/producto/ram-ddr4-kingston-value-8gb-a-2666mhz-so-dimm/,2026-06-30,2026-08-05
Tecnosmart,Ecuador,USD,RAM,Memoria RAM DDR4 HyperX Fury 16GB 2666Mhz – (HX426C16FB4/16),hyperx 16gb ddr4 fury 2666mhz,$148.99 Inc. IVA,148.99,130.62,769.37,2603.66,112.62,https://www.tecnosmart.com.ec/producto/ram-ddr4-hyperx-fury-16gb-a-2666mhz/,2026-06-30,2026-08-05
Tecnosmart,Ecuador,USD,RAM,Memoria RAM DDR4 HyperX Predator RGB 8GB 3000MHz – (HX430C15PB3A/8),hyperx 8gb ddr4 predator 3000mhz,$108.99 Inc. IVA,108.99,95.55,562.81,1904.64,82.38,https://www.tecnosmart.com.ec/producto/ram-ddr4-hyperx-predator-rgb-8gb-a-3000mhz/,2026-06-30,2026-08-05
Tecnosmart,Ecuador,USD,RAM,Memoria RAM DDR4 HP V8 RGB 8GB 3200Mhz – (7EH85AA#ABM),hp 8gb ddr4 3200mhz,$96.99 Inc. IVA,96.99,85.03,500.85,1694.94,73.31,https://www.tecnosmart.com.ec/producto/ram-kingston-fury-predator-8gb-a-3200mhz/,2026-06-30,2026-08-05
Tecnosmart,Ecuador,USD,RAM,Memoria RAM DDR4 SO-DIMM HyperX Impact 16GB 2666Mhz – (KF426S15IB1/16),hyperx 16gb ddr4 sodimm 2666mhz,$152.99 Inc. IVA,152.99,134.13,790.03,2673.56,115.64,https://www.tecnosmart.com.ec/producto/ram-ddr4-hyperx-impact-16gb-a-2666mhz-so-dimm/,2026-06-30,2026-08-05
Tecnosmart,Ecuador,USD,RAM,Memoria RAM DDR4 HyperX Fury RGB 16GB 3000Mhz – (HX430C15FB3A/16),hyperx 16gb ddr4 fury 3000mhz,$209.99 Inc. IVA,209.99,184.1,1084.37,3669.66,158.73,https://www.tecnosmart.com.ec/producto/ram-ddr4-hyperx-fury-rgb-16gb-a-3000mhz/,2026-06-30,2026-08-05
Tecnosmart,Ecuador,USD,RAM,Memoria RAM DDR4 HyperX Fury RGB 3000Mhz – (HX430C15FB3/8),sin_clasificar,$112.99 Inc. IVA,112.99,99.06,583.47,1974.55,85.41,https://www.tecnosmart.com.ec/producto/ram-ddr4-hyperx-fury-rgb-a-3000mhz/,2026-06-30,2026-08-05
Tecnosmart,Ecuador,USD,RAM,Memoria RAM DDR4 HyperX Fury 16GB 3000Mhz – (HX430C16FB4/16),hyperx 16gb ddr4 fury 3000mhz,$152.99 Inc. IVA,152.99,134.13,790.03,2673.56,115.64,https://www.tecnosmart.com.ec/producto/ram-ddr4-hyperx-fury-16gb-a-3000mhz/,2026-06-30,2026-08-05
Tecnosmart,Ecuador,USD,RAM,Memoria RAM DDR4 HP V8 8GB 3000Mhz – (7EH82AA#ABM),hp 8gb ddr4 3000mhz,$112.99 Inc. IVA,112.99,99.06,583.47,1974.55,85.41,https://www.tecnosmart.com.ec/producto/ram-ddr4-hp-v8-8gb-a-3000mhz/,2026-06-30,2026-08-05
Tecnosmart,Ecuador,USD,RAM,Memoria RAM DDR4 HP V6 8GB 3200Mhz – (7EH67AA#ABM),hp 8gb ddr4 3200mhz,$80.99 Inc. IVA,80.99,71.01,418.22,1415.33,61.22,https://www.tecnosmart.com.ec/producto/ram-ddr4-hp-v6-8gb-a-3200mhz/,2026-06-30,2026-08-05
Tecnosmart,Ecuador,USD,RAM,Memoria RAM DDR4 HP V6 8GB 3000Mhz Blue – (7EH64AA#ABM),hp 8gb ddr4 3000mhz,$72.99 Inc. IVA,72.99,63.99,376.91,1275.53,55.17,https://www.tecnosmart.com.ec/producto/ram-ddr4-hp-v6-8gb-a-3000mhz-blue/,2026-06-30,2026-08-05
Tecnosmart,Ecuador,USD,RAM,Memoria RAM DDR4 Adata XPG Spectix D60G RGB 8GB 3200Mhz – (AX4U32008G16A-ST60),xpg 8gb ddr4 3200mhz,$59.99 Inc. IVA,59.99,52.6,309.78,1048.35,45.34,https://www.tecnosmart.com.ec/producto/ram-ddr4-adata-xpg-spectix-d60g-rgb-8gb-a-3200mhz/,2026-06-30,2026-08-05
Tecnosmart,Ecuador,USD,MONITOR,MONITOR LG ULTRAGEAR 24G411A-B 24″ FHD (1920X1080) – 144HZ – IPS – 1MS GTG – SRGB 99% – ANTI-GLARE – HDR10 – HDMI/DP – BLACK,lg 24g411a-b,$176.99 Inc. IVA,176.99,155.17,913.96,3092.97,133.78,https://www.tecnosmart.com.ec/producto/monitor-lg-ultragear-24g411a-b/,2026-06-30,2026-08-05
Tecnosmart,Ecuador,USD,MONITOR,Monitor Asus ROG STRIX XG27ACMES | 27″ 2K 255Hz 0.3ms | G-SYNC | HDR,asus xg27acmes,$465.99 Inc. IVA,465.99,408.55,2406.33,8143.36,352.23,https://www.tecnosmart.com.ec/producto/monitor-asus-rog-strix-xg27acmes/,2026-06-30,2026-08-05
Tecnosmart,Ecuador,USD,MONITOR,Monitor Asus TUF VG259QM5A | 24.5″ IPS Full HD 240Hz 0.3ms | 99% SRGB | G-Sync/FreeSync,asus vg259qm5a,$281.99 Inc. IVA,281.99,247.23,1456.17,4927.89,213.15,https://www.tecnosmart.com.ec/producto/monitor-asus-tuf-vg259qm5a/,2026-06-30,2026-08-05
Tecnosmart,Ecuador,USD,MONITOR,Monitor Gigabyte GS27QA 27″ IPS 2K QHD | 180Hz | Plano,gigabyte gs27qa,$316.99 Inc. IVA,316.99,277.91,1636.9,5539.53,239.6,https://www.tecnosmart.com.ec/producto/monitor-gigabyte-gs27qa/,2026-06-30,2026-08-05
Tecnosmart,Ecuador,USD,MONITOR,SOPORTE PARA DOS MONITORES KMM-510 CON REGLETA INTEGRADA Y PUERTOS USB,sin_clasificar,$53.99 Inc. IVA,53.99,47.33,278.8,943.5,40.81,https://www.tecnosmart.com.ec/producto/soporte-para-dos-monitores-kmm-510-con-regleta-integrada-y-puertos-usb/,2026-06-30,2026-08-05
Tecnosmart,Ecuador,USD,MONITOR,SOPORTE HUANUO 2 BRAZOS VERTICAL para monitores DE 13 A 32″ (HNHM2),sin_clasificar,$109.99 Inc. IVA,109.99,96.43,567.98,1922.12,83.14,https://www.tecnosmart.com.ec/producto/soporte-huanuo-2-brazos-vertical-para-monitores-de-13-a-32-hnhm2/,2026-06-30,2026-08-05
Tecnosmart,Ecuador,USD,MONITOR,MONITOR ACER K202Q – 19.5″ HD (1600X900) – 75HZ – 5MS – 200 NITS – HDMI/VGA – BLACK (UM.IE0AA.004),acer k202q,$86.99 Inc. IVA,86.99,76.27,449.21,1520.19,65.75,https://www.tecnosmart.com.ec/producto/monitor-acer-k202q-19-5/,2026-06-30,2026-08-05
Tecnosmart,Ecuador,USD,MONITOR,MONITOR TEROS TE-1916S 19.5″ 1600X900 – 5MS – 75HZ – HDMI/VGA,teros te-1916s,$78.99 Inc. IVA,78.99,69.25,407.9,1380.38,59.71,https://www.tecnosmart.com.ec/producto/monitor-teros-te-1916s-19-5-1600x900-5ms-75hz-hdmi-vga/,2026-06-30,2026-08-05
Tecnosmart,Ecuador,USD,MONITOR,MONITOR MSI GAMING MAG 275QF – 27″ WQHD (2560X1440) IPS – 180HZ – 0.5MS GTG – HDMI/DP – BLACK (9S6-3CE21M-014),msi 275qf,$346.99 Inc. IVA,346.99,304.22,1791.82,6063.79,262.28,https://www.tecnosmart.com.ec/producto/monitor-msi-gaming-mag-275qf-27-wqhd-2560x1440-ips-180hz-0-5ms-gtg-hdmi-dp-black-9s6-3ce21m-014/,2026-06-30,2026-08-05
Tecnosmart,Ecuador,USD,MONITOR,Monitor LG 29U511A-B ULTRAWIDE 29″ – IPS – 2560×1080 – HDMI – 100HZ – sRGB 99% – 5MS (GTG),lg 29u511a-b,$352.99 Inc. IVA,352.99,309.48,1822.81,6168.64,266.81,https://www.tecnosmart.com.ec/producto/monitor-lg-29u511a-b-ultrawide-29-ips-2560x1080-hdmi-100hz-srgb-99-5ms-gtg/,2026-06-30,2026-08-05
Tecnosmart,Ecuador,USD,MONITOR,MONITOR PORTATIL ENV 15.6″ FHD IPS – ULTRAFINO – USB C – BLACK,sin_clasificar,$72.99 Inc. IVA,72.99,63.99,376.91,1275.53,55.17,https://www.tecnosmart.com.ec/producto/monitor-portatil-env-15-6-fhd-ips-ultrafino-usb-c-black/,2026-06-30,2026-08-05
Tecnosmart,Ecuador,USD,MONITOR,MONITOR TEROS TE-2415S 24″ GAMING PLANO IPS | FHD | 120HZ 1ms | DP – HDMI – VGA,teros te-2415s,$191.99 Inc. IVA,191.99,168.32,991.42,3355.1,145.12,https://www.tecnosmart.com.ec/producto/monitor-teros-te-2415s-24-gaming-plano-ips-fhd-120hz-1ms-dp-hdmi-vga/,2026-06-30,2026-08-05
Tecnosmart,Ecuador,USD,MONITOR,MONITOR EMPRESARIAL ASUS VA279QGS – 27″ IPS FHD (1920X1080) – 120HZ – 1MS – HDMI/DP/VGA/USB – BLACK,asus va279qgs,$310.99 Inc. IVA,310.99,272.65,1605.92,5434.67,235.07,https://www.tecnosmart.com.ec/producto/monitor-empresarial-asus-va279qgs-27-ips-fhd-1920x1080-120hz-1ms-hdmi-dp-vga-usb-black/,2026-06-30,2026-08-05
Tecnosmart,Ecuador,USD,MONITOR,MONITOR PORTATIL ACER PM1 – 15.6″ FHD – 6MS – ULTRAFINO – MINI HDMI/USB C – BLACK (PM161Q),sin_clasificar,$132.99 Inc. IVA,132.99,116.6,686.75,2324.05,100.52,https://www.tecnosmart.com.ec/producto/monitor-portatil-acer-pm1-15-6-fhd-6ms-ultrafino-mini-hdmi-usb-c-black-pm161q/,2026-06-30,2026-08-05
Tecnosmart,Ecuador,USD,MONITOR,MONITOR MSI MAG 274QF X24 – 27″ WQHD (2560X1440) – FAST IPS – 0.5MS – 240HZ – HDMI/DP – BLACK (9S6-3CE41H-020),msi 274qf,$396.99 Inc. IVA,396.99,348.05,2050.02,6937.56,300.07,https://www.tecnosmart.com.ec/producto/monitor-msi-mag-274qf-x24-27-wqhd-2560x1440-fast-ips-0-5ms-240hz-hdmi-dp-black-9s6-3ce41h-020/,2026-06-30,2026-08-05
Tecnosmart,Ecuador,USD,MONITOR,Monitor Samsung Gaming Odyssey G3 27 – FHD – 180HZ – Dp Hdmi – Black,sin_clasificar,$342.99 Inc. IVA,342.99,300.71,1771.17,5993.89,259.26,https://www.tecnosmart.com.ec/producto/monitor-samsung-gaming-odyssey-g3-27-fhd-180hz-dp-hdmi-black/,2026-06-30,2026-08-05
Tecnosmart,Ecuador,USD,MONITOR,MONITOR XIAOMI G24i – 23.8″ FHD (1920X1080) – 180HZ – 1MS GTG – HDMI/DP – BLACK (P24FCA-RGGL),xiaomi g24i,$259.99 Inc. IVA,259.99,227.94,1342.56,4543.43,196.52,https://www.tecnosmart.com.ec/producto/monitor-xiaomi-g24i-23-8-fhd-1920x1080-180hz-1ms-gtg-hdmi-dp-black-p24fca-rggl/,2026-06-30,2026-08-05
Tecnosmart,Ecuador,USD,MONITOR,Monitor Gigabyte MO27Q28G OLED | 27″ 2K | 280Hz,gigabyte mo27q28g,$840.99 Inc. IVA,840.99,737.32,4342.79,14696.64,635.68,https://www.tecnosmart.com.ec/producto/monitor-gigabyte-mo27q28g-ga1-27-woled-2560x1440p-280hz-anti-reflection-0-03ms-gtg-hdr-true-black-500-hdmi-dp/,2026-06-30,2026-08-05
Tecnosmart,Ecuador,USD,MONITOR,Monitor Gigabyte GS32Q 32″» SS-IPS QHD | 165Hz | Plano,gigabyte gs32q,$428.99 Inc. IVA,428.99,376.11,2215.26,7496.77,324.26,https://www.tecnosmart.com.ec/producto/monitor-gigabyte-gs32q-32-qhd-2560x1440-ss-ips-165hz-non-glare-ods-low-blue-light-hdmi-dp/,2026-06-30,2026-08-05
Tecnosmart,Ecuador,USD,MONITOR,Monitor Gigabyte M27Q2 ICE 27″ IPS 2K QHD | OC 210Hz | Plano | Blanco,gigabyte m27q2,$467.99 Inc. IVA,467.99,410.3,2416.65,8178.31,353.74,https://www.tecnosmart.com.ec/producto/monitor-gigabyte-m27q2-ice-sa1-27-qhd-2560x1440p-ss-ips-1ms-gtg-200hz-oc-210hz-hdr400-non-glare-hdmi-dp-white/,2026-06-30,2026-08-05
Tecnosmart,Ecuador,USD,MONITOR,Monitor Gigabyte GS25F2 24.5″ SS IPS FHD 200Hz 1ms,gigabyte gs25f2,$239.99 Inc. IVA,239.99,210.41,1239.28,4193.92,181.4,https://www.tecnosmart.com.ec/producto/monitor-gigabyte-gs25f2-25-24-5-fhd-1920x1080-200hz-non-glare-speaker-osd-low-blue-light-dci-p3-hdmi-dp/,2026-06-30,2026-08-05
Tecnosmart,Ecuador,USD,MONITOR,Monitor Gigabyte GS27FA 27″ SS IPS FHD 180Hz 1ms,gigabyte gs27fa,$269.99 Inc. IVA,269.99,236.71,1394.2,4718.18,204.08,https://www.tecnosmart.com.ec/producto/monitor-gigabyte-gs27fa-27-fhd-1920x1080-ss-ips-180hz-non-glare-ods-low-blue-light-hdmi-1dp/,2026-06-30,2026-08-05
Tecnosmart,Ecuador,USD,MONITOR,Monitor Gigabyte M28U 28″ SS IPS 4K200Hz 1ms,gigabyte 4k200hz,$965.99 Inc. IVA,965.99,846.91,4988.28,16881.06,730.16,https://www.tecnosmart.com.ec/producto/monitor-gigabyte-m28u-sa-28-superspeed-ips-4k-uhd-2ms-mprt-144hz-hdmi-2-1-dp-1-4-usb-c-black/,2026-06-30,2026-08-05
Tecnosmart,Ecuador,USD,MONITOR,Monitor Gigabyte GS25F2A 24.5″ IPS FHD 240Hz,gigabyte gs25f2a,$267.99 Inc. IVA,267.99,234.95,1383.87,4683.23,202.57,https://www.tecnosmart.com.ec/producto/monitor-gigabyte-gs25f2a/,2026-06-30,2026-08-05
Tecnosmart,Ecuador,USD,MONITOR,Monitor MSI MPG-491CQP-QD-OLED 49″ UltraWide Curvo,msi mpg-491cqp-,$1762.99 Inc. IVA,1762.99,1545.67,9103.9,30808.96,1332.59,https://www.tecnosmart.com.ec/producto/monitor-msi-mpg-491cqp-qd-oled-49/,2026-06-30,2026-08-05
Tecnosmart,Ecuador,USD,MONITOR,Monitor Indurama Vortix Nova 27″ | IPS FHD 120Hz,sin_clasificar,$170.99 Inc. IVA,170.99,149.91,882.98,2988.12,129.25,https://www.tecnosmart.com.ec/producto/monitor-indurama-vortix-nova-27-fhd-ips-120hz-5ms-hdmidp-black-27mmnavn/,2026-06-30,2026-08-05
Tecnosmart,Ecuador,USD,MONITOR,Monitor Indurama Vortix Nova 25″ Full HD 120Hz | HDMI+DP (25MIMNAVN ),sin_clasificar,$156.99 Inc. IVA,156.99,137.64,810.68,2743.46,118.66,https://www.tecnosmart.com.ec/producto/monitor-indurama-vortix-nova-25/,2026-06-30,2026-08-05
Tecnosmart,Ecuador,USD,MONITOR,Monitor Asus VA249HG 24″ Full HD 120Hz | EyeCare | HDMI y VGA,asus va249hg,$235.99 Inc. IVA,235.99,206.9,1218.63,4124.02,178.38,https://www.tecnosmart.com.ec/producto/monitor-asus-va249hg-eye-care-23-8-fhd-1920x1080-120hz-99-srgb-1ms-mprt-hdmi-vga-black/,2026-06-30,2026-08-05
Tecnosmart,Ecuador,USD,MONITOR,Monitor ASUS ProArt PA248QFV 24″ IPS WUXGA | 100HZ | HDR,asus pa248qfv,$368.99 Inc. IVA,368.99,323.5,1905.43,6448.25,278.91,https://www.tecnosmart.com.ec/producto/monitor-asus-proart-pa248qfv-24-ips-wuxga-1920x1080-100hz-hdr-10-dp-hdmi-usb-black/,2026-06-30,2026-08-05
Tecnosmart,Ecuador,USD,MONITOR,Monitor Asus VA279HG 27″ Full HD 120Hz | EyeCare | HDMI y VGA,asus va279hg,$253.99 Inc. IVA,253.99,222.68,1311.58,4438.58,191.98,https://www.tecnosmart.com.ec/producto/monitor-asus-va279hg/,2026-06-30,2026-08-05
Tecnosmart,Ecuador,USD,MONITOR,Monitor LG 20U401A-B 19.5″ | 1600×900 | HDMI y VGA,lg 20u401a-b,$94.99 Inc. IVA,94.99,83.28,490.52,1659.99,71.8,https://www.tecnosmart.com.ec/producto/monitor-lg-20u401a-b-19-5-1600x900-hdmi-vga/,2026-06-30,2026-08-05
Tecnosmart,Ecuador,USD,MONITOR,Monitor Indurama Vortix Core 22 (21.5″) Full HD 100HZ | VGA/HDMI (22MIMNAVC),sin_clasificar,$136.99 Inc. IVA,136.99,120.1,707.4,2393.96,103.55,https://www.tecnosmart.com.ec/producto/monitor-indurama-vortix-core-22/,2026-06-30,2026-08-05
Tecnosmart,Ecuador,USD,MONITOR,MONITOR SAMSUNG LS24A608UCN – 24″ WQHD 2560X1440 – ULTRA-THIN – 5MS – 75HZ – HDMI/DP,samsung ls24a608ucn,$566.99 Inc. IVA,566.99,497.1,2927.88,9908.38,428.57,https://www.tecnosmart.com.ec/producto/monitor-samsung-ls24a608ucn-24-wqhd-2560x1440-ultra-thin-5ms-75hz-hdmi-dp/,2026-06-30,2026-08-05
Tecnosmart,Ecuador,USD,MONITOR,Monitor Asus ProArt PA279CRV 27″ 4K | 99% DCI-P3 | 99% ADOBE RGB | HDR400,asus pa279crv,$638.99 Inc. IVA,638.99,560.22,3299.68,11166.61,482.99,https://www.tecnosmart.com.ec/producto/monitor-asus-proart-pa279crv-27-4k-uhd-3840x2160-99-dci-p3-99-adobe-rgb-dispalyhdr-400-dp-hdmi-type-c-usb-3-2/,2026-06-30,2026-08-05
Tecnosmart,Ecuador,USD,MONITOR,MONITOR GAMING ZOWIE XL2731K – 27″ FHD – 165HZ DYAC – 320 NITS – TN – HDMI2.0/DP 1.2 (9H.LKCLB-QBL),sin_clasificar,$497.99 Inc. IVA,497.99,436.6,2571.57,8702.57,376.42,https://www.tecnosmart.com.ec/producto/monitor-gaming-zowie-xl2731k-27-fhd-165hz-dyac-320-nits-tn-hdmi2-0-dp-1-2-9h-lkclb-qbl/,2026-06-30,2026-08-05
Tecnosmart,Ecuador,USD,MONITOR,Soporte/Brazo para monitores Klip Xtreme KPM-310,sin_clasificar,$44.99 Inc. IVA,44.99,39.44,232.32,786.22,34.01,https://www.tecnosmart.com.ec/producto/soporte-brazo-para-monitores-klip-xtreme-kpm-310/,2026-06-30,2026-08-05
Tecnosmart,Ecuador,USD,MONITOR,Soporte para monitor Klip Xtreme KMM-400 – Hasta 27″,sin_clasificar,$43.99 Inc. IVA,43.99,38.57,227.16,768.74,33.25,https://www.tecnosmart.com.ec/producto/soporte-klip-xtreme-kmm-400-para-monitores-13-27/,2026-06-30,2026-08-05
Tecnosmart,Ecuador,USD,MONITOR,Soporte Klip Xtreme KMM-301 PARA MONITOR Y LAPTOP,sin_clasificar,$59.99 Inc. IVA,59.99,52.6,309.78,1048.35,45.34,https://www.tecnosmart.com.ec/producto/soporte-klip-xtreme-kmm-301-para-monitor-y-laptop/,2026-06-30,2026-08-05
Tecnosmart,Ecuador,USD,MONITOR,Monitor E-Sports BenQ Zowie XL2411P – 24″,benq xl2411p,$350.99 Inc. IVA,350.99,307.72,1812.48,6133.69,265.3,https://www.tecnosmart.com.ec/producto/monitor-lg-22mn430h-b/,2026-06-30,2026-08-05
Tecnosmart,Ecuador,USD,MONITOR,MONITOR LG ULTRAGEAR 27G411A-B – 27″ FHD IPS (1920X1080P) – 1MS MBR – HDR10 – 144HZ OC – HDMI/DP,lg 27g411a-b,$213.99 Inc. IVA,213.99,187.61,1105.02,3739.56,161.75,https://www.tecnosmart.com.ec/producto/monitor-lg-ultragear-27g411a/,2026-06-30,2026-08-05
Tecnosmart,Ecuador,USD,MONITOR,Monitor Portatil Asus ZenScreen MB166C | 15.6″ FHD IPS | USB-C/DP,asus mb166c,$209.99 Inc. IVA,209.99,184.1,1084.37,3669.66,158.73,https://www.tecnosmart.com.ec/producto/monitor-asus-zenscreen-mb166c/,2026-06-30,2026-08-05
Tecnosmart,Ecuador,USD,MONITOR,MONITOR GIGABYTE M27UP ICE SA1 – 27″ UHD (3840X2160P) SS IPS – 160HZ/320-HZ FHD – 1MS GTG – HDMI/DP – SPEAKER – HDR400 – NON-GLARE – WHITE,gigabyte m27up,$620.99 Inc. IVA,620.99,544.44,3206.73,10852.05,469.39,https://www.tecnosmart.com.ec/producto/monitor-gigabyte-m27up-ice/,2026-06-30,2026-08-05
Tecnosmart,Ecuador,USD,MONITOR,MONITOR MSI MAG 346CQ – 34″ UWQHD (3440X1440) – VA – 1MS (MPRT) – CURVED 1500R – 180HZ – 16:9 – HDR READY – HDMI/DP – BLACK (9S6-3DD71M-004),msi 346cq,$566.99 Inc. IVA,566.99,497.1,2927.88,9908.38,428.57,https://www.tecnosmart.com.ec/producto/monitor-msi-mag-346cq-34-uwqhd-3440x1440-va-1ms-mprt-curved-1500r-180hz-169-hdr-ready-hdmi-dp-black-9s6-3dd71m-004/,2026-06-30,2026-08-05
Tecnosmart,Ecuador,USD,MONITOR,Monitor XTRATECH XTM19 19.5″ HD+ 1600×900 – Entradas HDMI y VGA,xtratech xtm19,$76.99 Inc. IVA,76.99,67.5,397.57,1345.43,58.19,https://www.tecnosmart.com.ec/producto/monitor-xtratech-xtm19-19-5-hd-1600x900-entradas-hdmi-y-vga/,2026-06-30,2026-08-05
Tecnosmart,Ecuador,USD,MONITOR,MONITOR SAMSUNG GAMING ESSENTIAL S3 S36GD – 27″ FHD (1920X1080) – 100HZ – 4MS – D-SUB/HDMI – BLACK (S27D366GAN),samsung s36gd,$247.99 Inc. IVA,247.99,217.42,1280.6,4333.72,187.45,https://www.tecnosmart.com.ec/producto/monitor-samsung-gaming-essential-s3-s36gd-27-fhd-1920x1080-100hz-4ms-d-sub-hdmi-black-s27d366gan/,2026-06-30,2026-08-05
Tecnosmart,Ecuador,USD,MONITOR,MONITOR TEROS TE-2787G 27″ FHD CURVO – 180HZ – 2MS – DP/HDMI,teros te-2787g,$245.99 Inc. IVA,245.99,215.67,1270.27,4298.77,185.94,https://www.tecnosmart.com.ec/producto/monitor-teros-te-2787g-27-fhd-curvo-180hz-2ms-dp-hdmi/,2026-06-30,2026-08-05
Tecnosmart,Ecuador,USD,MONITOR,MONITOR GAMING MSI MAG 275CQF E18 – 27″ WQHD 2K(2560X1440) – CURVO 180HZ – 0.5MS (GTG) – HDR READY – HDMI 2.0b/DP 1.4a – BLACK (9S6-3CE91H-004),msi 275cqf,$354.99 Inc. IVA,354.99,311.23,1833.13,6203.59,268.33,https://www.tecnosmart.com.ec/producto/monitor-gaming-msi-mag-275cqf-e18-27-wqhd-2k2560x1440-curvo-180hz-0-5ms-gtg-hdr-ready-hdmi-2-0b-dp-1-4a-black-9s6-3ce91h-004/,2026-06-30,2026-08-05
Tecnosmart,Ecuador,USD,MONITOR,MONITOR LG ULTRAGEAR 27GS65F-B – 27” FHD IPS – 180HZ – 1MS – HDR10 – G-SYNC/FREESYNC – BLACK,lg 27gs65f-b,$400.99 Inc. IVA,400.99,351.56,2070.67,7007.46,303.1,https://www.tecnosmart.com.ec/producto/monitor-lg-ultragear-27gs65f-b-27-fhd-ips-180hz-1ms-hdr10-g-sync-freesync-black/,2026-06-30,2026-08-05
Tecnosmart,Ecuador,USD,MONITOR,Monitor Gigabyte GS24F14 24″ IPS FHD 144Hz 1ms,gigabyte gs24f14,$211.99 Inc. IVA,211.99,185.86,1094.7,3704.61,160.24,https://www.tecnosmart.com.ec/producto/monitor-gigabyte-gs24f14-24-ips-fhd-144hz-1ms/,2026-06-30,2026-08-05
Tecnosmart,Ecuador,USD,MONITOR,Monitor Indurama Vortix Ultra 32″ | Curvo VA FHD 180Hz (32MIMNAVU),sin_clasificar,$394.99 Inc. IVA,394.99,346.3,2039.69,6902.61,298.56,https://www.tecnosmart.com.ec/producto/monitor-indurama-vortix-ultra-32/,2026-06-30,2026-08-05
Tecnosmart,Ecuador,USD,MONITOR,MONITOR ASUS VP227HE – 21.45″ FHD – 75HZ – NON-GLARE – VA – 5MS GTG – HDMI v1.4/VGA – BLACK,asus vp227he,$227.99 Inc. IVA,227.99,199.89,1177.32,3984.22,172.33,https://www.tecnosmart.com.ec/producto/monitor-asus-vp227he-21-45-fhd-75hz-non-glare-va-5ms-gtg-hdmi-v1-4-vga-black/,2026-06-30,2026-08-05
Tecnosmart,Ecuador,USD,MONITOR,MONITOR ASUS TUF GAMING VG279Q1A – 27″ FHD 1920X1080P – PANEL IPS – NON-GLARE – 1MS MPRT – 165HZ – FREESYNC PREMIUM – DP 1.2/HDMI V1.4,asus 1920x1080p,$356.99 Inc. IVA,356.99,312.98,1843.46,6238.54,269.84,https://www.tecnosmart.com.ec/producto/monitor-asus-tuf-gaming-vg279q1a-27-fhd-1920x1080p-panel-ips-non-glare-1ms-mprt-165hz-freesync-premium-dp-1-2-hdmi-v1-4/,2026-06-30,2026-08-05
Tecnosmart,Ecuador,USD,MONITOR,MONITOR ASUS TUF GAMING VG249Q1A – 23.8″ FHD 1920×1080 – PANEL IPS – NON-GLARE – 1MS MPRT – 165HZ – FREESYNC PREMIUM – DP 1.2/HDMI V1.4,asus vg249q1a,$334.99 Inc. IVA,334.99,293.7,1729.85,5854.08,253.21,https://www.tecnosmart.com.ec/producto/producto-256/,2026-06-30,2026-08-05
Tecnosmart,Ecuador,USD,MONITOR,MONITOR ASUS VZ24EHF 23.8″ FHD IPS – 100HZ – 1MS MPRT – HDMI – BLACK,asus vz24ehf,$227.99 Inc. IVA,227.99,199.89,1177.32,3984.22,172.33,https://www.tecnosmart.com.ec/producto/producto-168/,2026-06-30,2026-08-05
Tecnosmart,Ecuador,USD,MONITOR,Monitor ASUS TUF Gaming VG27WQ1B CURVO 27″ 165Hz 1ms WQHD (2560×1440) (90LM0671-B011B0),asus vg27wq1b,$443.99 Inc. IVA,443.99,389.26,2292.72,7758.9,335.6,https://www.tecnosmart.com.ec/producto/producto-167/,2026-06-30,2026-08-05
Tecnosmart,Ecuador,USD,MONITOR,MONITOR ASUS ROG STRIX GAMING XG27UCS 27″ UHD (3840X2160) IPS – 160HZ – 1MS – HDMI/DP – BLACK,asus xg27ucs,$840.99 Inc. IVA,840.99,737.32,4342.79,14696.64,635.68,https://www.tecnosmart.com.ec/producto/producto-90/,2026-06-30,2026-08-05
Tecnosmart,Ecuador,USD,MONITOR,MONITOR ASUS TUF VG32VQ1B 32″ CURVO WQHD (2560x1440P) – 165HZ – 1MS – SPEAKERS – DP/HDMI – BLACK,asus vg32vq1b,$574.99 Inc. IVA,574.99,504.11,2969.19,10048.18,434.62,https://www.tecnosmart.com.ec/producto/producto-88/,2026-06-30,2026-08-05
Tecnosmart,Ecuador,USD,MONITOR,MONITOR ASUS TUF GAMING VG34VQL3A 34″ CURVO – WQHD (3440X1440P) – 180 HZ – 1MS – HDMI/DP – BLACK,asus vg34vql3a,$846.99 Inc. IVA,846.99,742.58,4373.77,14801.49,640.21,https://www.tecnosmart.com.ec/producto/producto-87/,2026-06-30,2026-08-05
Tecnosmart,Ecuador,USD,MONITOR,MONITOR ASUS ROG STRIX GAMING XG27ACS – 27″ QHD IPS – NON-GLARE – 180HZ – 1MS GTG – HDR – HDMI/DP/USB-C – BLACK,asus xg27acs,$441.99 Inc. IVA,441.99,387.51,2282.39,7723.95,334.09,https://www.tecnosmart.com.ec/producto/producto-84/,2026-06-30,2026-08-05
Tecnosmart,Ecuador,USD,MONITOR,Monitor Asus ProArt PA329CRV 32″ | Plano IPS 4K | USB-C,asus pa329crv,$903.99 Inc. IVA,903.99,792.56,4668.11,15797.59,683.3,https://www.tecnosmart.com.ec/producto/monitor-asus-pa329cvr/,2026-06-30,2026-08-05
Tecnosmart,Ecuador,USD,MONITOR,MONITOR ASUS GAMING ROG SWIFT OLED PG27AQDM – 26.5″ 2560X1440 – WOLED – NON-GLARE – 135% SRGB – DCI-P3 99% – 0.03MS GTG – HDR10 – 240HZ – DP 1.4 DSC/HDMI 2.0 – BLACK,asus pg27aqdm,$1508.99 Inc. IVA,1508.99,1322.98,7792.27,26370.2,1140.6,https://www.tecnosmart.com.ec/producto/producto-82/,2026-06-30,2026-08-05
Tecnosmart,Ecuador,USD,MONITOR,MONITOR TOUCH SAT 1053FPH – 15″ 1024 x 768PX – MULTI-TOUCH 3 PUNTOS – HDMI/VGA/USB,sin_clasificar,$336.99 Inc. IVA,336.99,295.45,1740.18,5889.04,254.72,https://www.tecnosmart.com.ec/producto/monitor-touch-sat-1053fph-15-1024-x-768px-multi-touch-3-puntos-hdmi-vga-usb/,2026-06-30,2026-08-05
Tecnosmart,Ecuador,USD,MONITOR,MONITOR TEROS TE-2123S – 21.45″ FHD IPS – 1MS – 100HZ – HDMI/VGA – BLACK,teros te-2123s,$199.99 Inc. IVA,199.99,175.34,1032.73,3494.91,151.17,https://www.tecnosmart.com.ec/producto/monitor-teros-te-2123s-21-45-fhd-ips-1ms-100hz-hdmi-vga-black/,2026-06-30,2026-08-05
Tecnosmart,Ecuador,USD,MONITOR,MONITOR GAMING MSI G2712F 27″ FHD IPS – 180 HZ – 1MS – 300 NITS – DP/HDMI – BLACK,msi g2712f,$320.99 Inc. IVA,320.99,281.42,1657.56,5609.43,242.63,https://www.tecnosmart.com.ec/producto/monitor-gaming-msi-g2712f-27-fhd-ips-180-hz-1ms-300-nits-dp-hdmi-black/,2026-06-30,2026-08-05
Tecnosmart,Ecuador,USD,MONITOR,Monitor LG 29WQ500-B 29″ ULTRAWIDE 21:9 FULL HD 2560×1080 – IPS – 1ms – HDMI+DP,lg 29wq500-b,$382.99 Inc. IVA,382.99,335.78,1977.72,6692.9,289.49,https://www.tecnosmart.com.ec/producto/monitor-lg-29wq500-b-29-ultrawide-219-full-hd-2560x1080-ips-1ms-hdmidp/,2026-06-30,2026-08-05
Tecnosmart,Ecuador,USD,MONITOR,Monitor Asus TUF VG289Q,asus vg289q,$602.99 Inc. IVA,602.99,528.66,3113.78,10537.49,455.78,https://www.tecnosmart.com.ec/producto/monitor-asus-tuf-vg289q/,2026-06-30,2026-08-05
Tecnosmart,Ecuador,USD,MONITOR,Monitor ASUS PROART PA247CV 23.8″ FULL HD – IPS – 100% sRGB – 75HZ – 5MS – DP/HDMI/USB-C – BLACK (90LM03Y1-B013B0),asus pa247cv,$499.99 Inc. IVA,499.99,438.36,2581.9,8737.53,377.93,https://www.tecnosmart.com.ec/producto/monitor-asus-proart-pa247cv-23-8-full-hd-ips-100-srgb-75hz-5ms-dp-hdmi-usb-c-black-90lm03y1-b013b0/,2026-06-30,2026-08-05
Tecnosmart,Ecuador,USD,MONITOR,MONITOR TEROS TE-2766G – 27″ FHD CURVO R1500 – VA – 180HZ – 1MS – HDMI/VGA – BLACK,teros te-2766g,$316.99 Inc. IVA,316.99,277.91,1636.9,5539.53,239.6,https://www.tecnosmart.com.ec/producto/monitor-teros-te-2766g-27-fhd-curvo-r1500-va-180hz-1ms-hdmi-vga-black/,2026-06-30,2026-08-05
Tecnosmart,Ecuador,USD,MONITOR,MONITOR TEROS TE-2711S 27″ FHD – 100HZ – 1MS – IPS – HDMI,teros te-2711s,$257.99 Inc. IVA,257.99,226.19,1332.23,4508.48,195.01,https://www.tecnosmart.com.ec/producto/monitor-teros-te-2711s-27-fhd-100hz-1ms-ips-hdmi/,2026-06-30,2026-08-05
Tecnosmart,Ecuador,USD,MONITOR,MONITOR TEROS TE-2411S GAMING 24″ 1920X1080 – 1ms – 200 NITS – 100HZ – HDMI/VGA,teros te-2411s,$217.99 Inc. IVA,217.99,191.12,1125.68,3809.46,164.77,https://www.tecnosmart.com.ec/producto/monitor-teros-te-2411s-gaming-24-1920x1080-1ms-200-nits-100hz-hdmi-vga/,2026-06-30,2026-08-05
Tecnosmart,Ecuador,USD,MONITOR,MONITOR TEROS TE-2401S – 23.8″ CURVO R3000 VA – FHD – 5MS – 100HZ – HDMI/VGA – BLACK,teros te-2401s,$215.99 Inc. IVA,215.99,189.36,1115.35,3774.51,163.26,https://www.tecnosmart.com.ec/producto/monitor-teros-te-2401s-23-8-curvo-r3000-va-fhd-5ms-100hz-hdmi-vga-black/,2026-06-30,2026-08-05
Tecnosmart,Ecuador,USD,MONITOR,MONITOR TEROS TE-2124S 21.45″ FHD IPS – 100HZ – 5MS – PLANO – HDMI/VGA – BLACK,teros te-2124s,$207.99 Inc. IVA,207.99,182.35,1074.04,3634.71,157.21,https://www.tecnosmart.com.ec/producto/monitor-teros-te-2124s-21-45-fhd-ips-100hz-5ms-plano-hdmi-vga-black/,2026-06-30,2026-08-05
Tecnosmart,Ecuador,USD,MONITOR,MONITOR TEROS TE-1914S 19.5″ 1600X900 – 5MS – 220 NITS – HDMI – VGA,teros te-1914s,$69.99 Inc. IVA,69.99,61.36,361.42,1223.1,52.9,https://www.tecnosmart.com.ec/producto/monitor-teros-te-1914s-19-5-1600x900-5ms-220-nits-hdmi-vga/,2026-06-30,2026-08-05
Tecnosmart,Ecuador,USD,MONITOR,MONITOR SAMSUNG UR55 – 28″ 4K UHD IPS HDR10 – 4MS – 60HZ – HDMI/DP (LU28R550UQNXZA),samsung ur55,$590.99 Inc. IVA,590.99,518.14,3051.81,10327.79,446.71,https://www.tecnosmart.com.ec/producto/monitor-samsung-ur55-28-uhd-ips-hdr10-4ms-60hz-hdmi-dp-lu28r550uqnxza/,2026-06-30,2026-08-05
Tecnosmart,Ecuador,USD,MONITOR,MONITOR MSI OPTIX G274RW – 27″ FHD IPS – 170HZ – 1MS (MPRT) – HDMI/DP – WHITE,msi g274rw,$538.99 Inc. IVA,538.99,472.55,2783.29,9419.07,407.41,https://www.tecnosmart.com.ec/producto/monitor-msi-optix-g274rw-27-fhd-ips-170hz-1ms-mprt-hdmi-dp-white/,2026-06-30,2026-08-05
Tecnosmart,Ecuador,USD,MONITOR,MONITOR LG ULTRAGEAR 27GR75Q-B 27″ QHD 2560X1440 – 165HZ – IPS 1MS GTG – SRGB 99% – ANTI-GLARE – HDR10 – HDMI 2.2/DP 1.4 – BLACK,lg 27gr75q-b,$459.99 Inc. IVA,459.99,403.29,2375.34,8038.51,347.69,https://www.tecnosmart.com.ec/producto/monitor-lg-ultragear-27gr75q-b-27-qhd-2560x1440-165hz-ips-1ms-gtg-srgb-99-anti-glare-hdr10-hdmi-2-2-dp-1-4-black/,2026-06-30,2026-08-05
Tecnosmart,Ecuador,USD,MONITOR,MONITOR LG 32MN600P-B 31.5″ IPS FULL HD AMD FREESYNC,lg 32mn600p-b,$324.99 Inc. IVA,324.99,284.93,1678.22,5679.33,245.65,https://www.tecnosmart.com.ec/producto/monitor-lg-32mn600p-b-31-5-ips-full-hd-amd-freesync/,2026-06-30,2026-08-05
Tecnosmart,Ecuador,USD,MONITOR,MONITOR LG 27QN600-B 27″ IPS 2K QHD 2560×1440 – SRGB >99% – 75HZ – 5ms – HDR – FREESYNC- HDMI/DP,lg 27qn600-b,$437.99 Inc. IVA,437.99,384.0,2261.74,7654.05,331.06,https://www.tecnosmart.com.ec/producto/monitor-lg-27qn600-b-27-ips-2k-qhd-2560x1440-srgb-99-75hz-5ms-hdr-freesync-hdmi-dp/,2026-06-30,2026-08-05
Tecnosmart,Ecuador,USD,MONITOR,MONITOR GIGABYTE M32QC-SA 31.5″ QHD – 165HZ – HDR400 – 1MS MPRT – HDMI – 94% DCI-P3/123% sRGB – 2.0/DP 1.2,gigabyte m32qc-sa,$646.99 Inc. IVA,646.99,567.24,3340.99,11306.41,489.04,https://www.tecnosmart.com.ec/producto/monitor-gigabyte-m32qc-sa-31-5-qhd-165hz-hdr400-1ms-mprt-hdmi-94-dci-p3-123-srgb-2-0-dp-1-2/,2026-06-30,2026-08-05
Tecnosmart,Ecuador,USD,MONITOR,MONITOR GIGABYTE GS34WQC – 34″ VA 1500R – WQHD 3440X1440 – NON-GLARE – 120% SRGB – 1MS MPRT – 135HZ – HDR – HDMI 2.0/DP 1.4 – BLACK,gigabyte gs34wqc,$727.99 Inc. IVA,727.99,638.25,3759.27,12721.92,550.27,https://www.tecnosmart.com.ec/producto/monitor-gigabyte-gs34wqc-34-va-1500r-wqhd-3440x1440-non-glare-120-srgb-1ms-mprt-135hz-hdr-hdmi-2-0-dp-1-4-black/,2026-06-30,2026-08-05
Tecnosmart,Ecuador,USD,MONITOR,MONITOR GIGABYTE GS27Q – 27″ SS IPS – 2K QHD 2560X1440 – NON-GLARE – 100% SRGB – 1MS MPRT – 170HZ – HDR – HDMI 2.0/DP 1.4 – BLACK,gigabyte gs27q,$469.99 Inc. IVA,469.99,412.05,2426.98,8213.26,355.25,https://www.tecnosmart.com.ec/producto/monitor-gigabyte-gs27q-27-ss-ips-2k-qhd-2560x1440-non-glare-100-srgb-1ms-mprt-170hz-hdr-hdmi-2-0-dp-1-4-black/,2026-06-30,2026-08-05
Tecnosmart,Ecuador,USD,MONITOR,MONITOR ENV 1ESM1695 – 21.5″ FULL HD 1920×1080 – VA – 230 NITS – 75HZ – 6.5MS – VGA/HDMI – VESA,env 1esm1695,$126.99 Inc. IVA,126.99,111.34,655.76,2219.2,95.99,https://www.tecnosmart.com.ec/producto/monitor-env-1esm1695-21-5-full-hd-1920x1080-va-230-nits-75hz-6-5ms-vga-hdmi-vesa/,2026-06-30,2026-08-05
Tecnosmart,Ecuador,USD,MONITOR,MONITOR ENV 1EENV1711 – 24″ FHD – PANEL VA – 300 NITS – 16MS – VGA/HDMI,env 1eenv1711,$158.99 Inc. IVA,158.99,139.39,821.01,2778.41,120.18,https://www.tecnosmart.com.ec/producto/monitor-env-1eenv1711-24-fhd-panel-va-300-nits-16ms-vga-hdmi/,2026-06-30,2026-08-05
Tecnosmart,Ecuador,USD,MONITOR,MONITOR CORSAIR XENEON 32UHD144-A – 32″ UHD IPS – 144HZ – HDR600 – NON-GLARE – 100% ADOBE RGB – 1MS – AMD FREESYNC PREMIUM – BLACK (CM-9020006-NA),corsair 32uhd144-a,$1310.99 Inc. IVA,1310.99,1149.38,6769.82,22910.07,990.94,https://www.tecnosmart.com.ec/producto/monitor-corsair-xeneon-32uhd144-a-32-uhd-ips-144hz-hdr600-non-glare-100-adobe-rgb-1ms-amd-freesync-premium-black-cm-9020006-na/,2026-06-30,2026-08-05
Tecnosmart,Ecuador,USD,MONITOR,MONITOR ASUS VY27UQ – 27″ 4K (3840 x 2160) – NON-GLARE – IPS – DHR-10 – ADAPTIVE SYNC – EYE CARE – DP/HDMI – BLACK,asus vy27uq,$536.99 Inc. IVA,536.99,470.8,2772.96,9384.12,405.89,https://www.tecnosmart.com.ec/producto/monitor-asus-vy27uq-27-4k-3840-x-2160-non-glare-ips-dhr-10-adaptive-sync-eye-care-dp-hdmi-black/,2026-06-30,2026-08-05
Tecnosmart,Ecuador,USD,MONITOR,MONITOR ASUS VA27EHF 27″ Full HD – IPS – 100Hz 1ms – VRR Adaptive-Sync – HDMI(v1.4),asus va27ehf,$257.99 Inc. IVA,257.99,226.19,1332.23,4508.48,195.01,https://www.tecnosmart.com.ec/producto/monitor-asus-va27ehf-27-full-hd-ips-100hz-1ms-vrr-adaptive-sync-hdmiv1-4/,2026-06-30,2026-08-05
Tecnosmart,Ecuador,USD,MONITOR,MONITOR ASUS VA24EHF 24″ (23.8″) Full HD – IPS – 100Hz 1ms – VRR Adaptive-Sync – HDMI(v1.4),asus va24ehf,$241.99 Inc. IVA,241.99,212.16,1249.61,4228.87,182.91,https://www.tecnosmart.com.ec/producto/monitor-asus-va24ehf-24-23-8-full-hd-ips-100hz-1ms-vrr-adaptive-sync-hdmiv1-4/,2026-06-30,2026-08-05
Tecnosmart,Ecuador,USD,MONITOR,MONITOR ASUS TUF VG248Q1B 24″ FHD LED – PANEL TN – 165HZ – 0.5MS GTG – FREESYNC PREMIUM – DP 1.2/HDMI V1.4,asus vg248q1b,$338.99 Inc. IVA,338.99,297.2,1750.51,5923.99,256.23,https://www.tecnosmart.com.ec/producto/monitor-asus-tuf-vg248q1b-24-fhd-led-panel-tn-165hz-0-5ms-gtg-freesync-premium-dp-1-2-hdmi-v1-4/,2026-06-30,2026-08-05
Tecnosmart,Ecuador,USD,PERIFERICO,TECLADO MSI FORGE GK600 TKL WIRELESS/BT/USB – 83 TECLAS – 20 MODE RGB – SUB PBT – 100% ANTI-GHOSTING – LINEAR – WHITE/VIOLET,msi teclado gk600,$92.99 Inc. IVA,92.99,81.53,480.19,1625.04,70.29,https://www.tecnosmart.com.ec/producto/teclado-msi-forge-gk600-tkl-white-violet/,2026-06-30,2026-08-05
Tecnosmart,Ecuador,USD,PERIFERICO,TECLADO MECANICO CORSAIR GALLEON 100 SD – INTEGRATED STREAM DECK – LCD FULL-COLOR – TECLAS PBT – SWITCH MLX – BLACK (CH-912A311-NA),sin_clasificar,$471.99 Inc. IVA,471.99,413.81,2437.31,8248.21,356.76,https://www.tecnosmart.com.ec/producto/teclado-mecanico-corsair-galleon-100-sd-integrated-stream-deck-lcd-full-color-teclas-pbt-switch-mlx-black-ch-912a311-na/,2026-06-30,2026-08-05
Tecnosmart,Ecuador,USD,PERIFERICO,TECLADO RAZER BLACKWIDOW V4 X POKEMON EDITION – RAZER CHROMA™ RGB – ABS – SWITCH LINEAL – ES – GRENN/DETALLES TEMATICOS POKEMON (RZ03-04704200-R3M1),sin_clasificar,$174.99 Inc. IVA,174.99,153.42,903.63,3058.02,132.27,https://www.tecnosmart.com.ec/producto/teclado-razer-blackwidow-v4-x-pokemon-edition-razer-chroma-rgb-abs-switch-lineal-es-grenn-detalles-tematicos-pokemon-rz03-04704200-r3m1/,2026-06-30,2026-08-05
Tecnosmart,Ecuador,USD,PERIFERICO,TECLADO LOGITECH G515 TKL – TACTICAL – TECLAS PBT – TACTILE – LIGHTSYNC RGB – GRAFITE (920-012868),logitech teclado g515,$144.99 Inc. IVA,144.99,127.12,748.71,2533.76,109.59,https://www.tecnosmart.com.ec/producto/teclado-logitech-g515-tkl-tactical-teclas-pbt-tactile-lightsync-rgb-grafite-920-012868/,2026-06-30,2026-08-05
Tecnosmart,Ecuador,USD,PERIFERICO,TECLADO MECANICO REDRAGON FIZZ PRO WIRELESS K616-RGB WG – 60% – DUST PROOF RED – 430G – USB-C – WHITE/GRAY,redragon teclado k616-,$47.99 Inc. IVA,47.99,42.07,247.82,838.64,36.27,https://www.tecnosmart.com.ec/producto/producto-241/,2026-06-30,2026-08-05
Tecnosmart,Ecuador,USD,PERIFERICO,COMBO TECLADO + MOUSE LOGITECH POP KEYS INALAMBRICO – BLUETOOTH 5.1 (920-013053),sin_clasificar,$84.99 Inc. IVA,84.99,74.51,438.88,1485.23,64.24,https://www.tecnosmart.com.ec/producto/producto-239/,2026-06-30,2026-08-05
Tecnosmart,Ecuador,USD,PERIFERICO,TECLADO MECANICO REDRAGON YAMA K550RGB-1-SP – RGB CHROMA – 100% ANTI-GHOSTING – BLACK,redragon teclado k550rgb-1-sp,$86.99 Inc. IVA,86.99,76.27,449.21,1520.19,65.75,https://www.tecnosmart.com.ec/producto/teclado-mecanico-redragon-yama-k550rgb-1-sp-rgb-chroma-100-anti-ghosting-black/,2026-06-30,2026-08-05
Tecnosmart,Ecuador,USD,PERIFERICO,TECLADO GENIUS KB-117 ALAMBRICO USB – BLACK,genius teclado kb-117,$7.99 Inc. IVA,7.99,7.01,41.26,139.63,6.04,https://www.tecnosmart.com.ec/producto/teclado-genius-kb-117-alambrico-usb-black/,2026-06-30,2026-08-05
Tecnosmart,Ecuador,USD,PERIFERICO,TECLADO CORSAIR GAMING K70 CORE RGB – MECANICO – MLX RED – 100% ANIT-GHOSTING – BLACK (CH-910971E-SP),corsair teclado k70,$90.99 Inc. IVA,90.99,79.77,469.86,1590.09,68.78,https://www.tecnosmart.com.ec/producto/teclado-corsair-gaming-k70-core-rgb-mecanico-mlx-red-100-anit-ghosting-black-ch-910971e-sp/,2026-06-30,2026-08-05
Tecnosmart,Ecuador,USD,PERIFERICO,TECLADO MEETION MT-MK20 LINA INVERSE – MECANICO – SWITCH BLUE – ANTI-GHOSTING – BLACK/RED,meetion teclado mt-mk20,$69.99 Inc. IVA,69.99,61.36,361.42,1223.1,52.9,https://www.tecnosmart.com.ec/producto/teclado-meetion-mt-mk20-lina-inverse-mecanico-switch-blue-anti-ghosting-black-red/,2026-06-30,2026-08-05
Tecnosmart,Ecuador,USD,PERIFERICO,Combo Teclado y Mouse Logitech MK850 Wireless / 920-008219 – 920008659,logitech combo mk850,$114.99 Inc. IVA,114.99,100.82,593.8,2009.5,86.92,https://www.tecnosmart.com.ec/producto/combo-teclado-y-mouse-logitech-mk850-wireless-920-008219-920008659/,2026-06-30,2026-08-05
Tecnosmart,Ecuador,USD,PERIFERICO,COMBO TECLADO Y MOUSE GENIUS SLIMSTAR C126 WIRED – BLACK,genius combo c126,$11.99 Inc. IVA,11.99,10.51,61.92,209.53,9.06,https://www.tecnosmart.com.ec/producto/combo-teclado-y-mouse-genius-slimstar-c126-wired-black/,2026-06-30,2026-08-05
Tecnosmart,Ecuador,USD,PERIFERICO,Teclado DYI Glorious GMMK-TKL-RGB – Sin Switch – Sin KeyCaps – Black,sin_clasificar,$96.99 Inc. IVA,96.99,85.03,500.85,1694.94,73.31,https://www.tecnosmart.com.ec/producto/teclado-dyi-glorious-gmmk-tkl-rgb-sin-switch-sin-keycaps-black/,2026-06-30,2026-08-05
Tecnosmart,Ecuador,USD,PERIFERICO,Teclado Inalambrico Trust GXT Sento – Black (20062),sin_clasificar,$51.99 Inc. IVA,51.99,45.58,268.47,908.55,39.3,https://www.tecnosmart.com.ec/producto/teclado-inalambrico-trust-gxt-sento-black-20062/,2026-06-30,2026-08-05
Tecnosmart,Ecuador,USD,PERIFERICO,"Combo Genius KM-160: Teclado, Mouse",genius combo km-160,$11.99 Inc. IVA,11.99,10.51,61.92,209.53,9.06,https://www.tecnosmart.com.ec/producto/combo-teclado-y-mouse-genius-km-160-usb-negro/,2026-06-30,2026-08-05
Tecnosmart,Ecuador,USD,PERIFERICO,Teclado Logitech K120,logitech teclado k120,$15.99 Inc. IVA,15.99,14.02,82.57,279.43,12.09,https://www.tecnosmart.com.ec/producto/teclado-logitech-k120/,2026-06-30,2026-08-05
Tecnosmart,Ecuador,USD,PERIFERICO,Logitech MK200: Combo de Combo de teclado y mouse USB – 920-002716,logitech combo mk200,$29.99 Inc. IVA,29.99,26.29,154.87,524.09,22.67,https://www.tecnosmart.com.ec/producto/kit-logitech-mk200-teclado-y-mouse-usb-920-002716/,2026-06-30,2026-08-05
Tecnosmart,Ecuador,USD,PERIFERICO,Logitech MK120: Combo de Combo de teclado y mouse – (920-004428),logitech combo mk120,$25.99 Inc. IVA,25.99,22.79,134.21,454.19,19.65,https://www.tecnosmart.com.ec/producto/kit-de-teclado-y-mouse-logitech-mk120-alambrico-usb-negro-920-004428/,2026-06-30,2026-08-05
Tecnosmart,Ecuador,USD,PERIFERICO,Logitech MK320: Combo de teclado y mouse inalámbricos – (920-002836),logitech combo mk320,$57.99 Inc. IVA,57.99,50.84,299.45,1013.4,43.83,https://www.tecnosmart.com.ec/producto/combo-inalambrico-logitech-slim-mk320-teclado-y-mouse/,2026-06-30,2026-08-05
Tecnosmart,Ecuador,USD,PERIFERICO,"Combo Marvo CM370PM Pink: Teclado, Mouse, Audifonos y Pad",marvo combo cm370pm,$27.99 Inc. IVA,27.99,24.54,144.54,489.14,21.16,https://www.tecnosmart.com.ec/producto/combo-marvo-cm370pm-pink-4-en-1-tecladomousemousepadaudifono/,2026-06-30,2026-08-05
Tecnosmart,Ecuador,USD,PERIFERICO,TECLADO MECANICO RAZER BLACKWIDOW V4 TENKEYLESS HYPERSPEED – WIRELESS/USB-C – RAZER CHROMA™ RGB – ABS DOUBLESHOT – SWTICH TACTILE AND QUIET – BLACK (RZ03-05480600-R311),sin_clasificar,$154.99 Inc. IVA,154.99,135.88,800.35,2708.51,117.15,https://www.tecnosmart.com.ec/producto/teclado-mecanico-razer-blackwidow-v4-tenkeyless-hyperspeed-wireless-usb-c-razer-chroma-rgb-abs-doubleshot-swtich-tactile-and-quiet-black-rz03-05480600-r311/,2026-06-30,2026-08-05
Tecnosmart,Ecuador,USD,PERIFERICO,TECLADO ASUS ROG STRIX SCOPE II 96 WIRELESS – BLUETOOTH/WIRED/RF 2.4GHZ – TECLAS ABS – SWITCH ROG NX SNOW – LUBED – BLACK (90MP037A-BKSA00),sin_clasificar,$160.99 Inc. IVA,160.99,141.14,831.34,2813.36,121.69,https://www.tecnosmart.com.ec/producto/teclado-asus-rog-strix-scope-ii-96-wireless/,2026-06-30,2026-08-05
Tecnosmart,Ecuador,USD,PERIFERICO,TECLADO LOGITECH PEBBLE KEYS 2 K380S – BLUETOOTH – SILENCIOSO – ESPAÑOL – WHITE (920-011784),logitech teclado k380s,$39.99 Inc. IVA,39.99,35.06,206.5,698.84,30.23,https://www.tecnosmart.com.ec/producto/teclado-logitech-pebble-keys-2-k380s-bluetooth-silencioso-espanol-white-920-011784/,2026-06-30,2026-08-05
Tecnosmart,Ecuador,USD,PERIFERICO,Teclado Logitech G915 TKL Bluetooth Mecanico LightSpeed Rgb (920-009495),logitech teclado g915,$253.99 Inc. IVA,253.99,222.68,1311.58,4438.58,191.98,https://www.tecnosmart.com.ec/producto/teclado-logitech-g915-tkl-bluetooth-mecanico-lightspeed-rgb-920-009495/,2026-06-30,2026-08-05
Tecnosmart,Ecuador,USD,PERIFERICO,TECLADO LOGITECH G815 MECANICO LIGHTSYNC RGB – GL TACTILE – G-KEYS – WHITE (920-011354),logitech teclado g815,$215.99 Inc. IVA,215.99,189.36,1115.35,3774.51,163.26,https://www.tecnosmart.com.ec/producto/teclado-logitech-g815-mecanico-lightsync-rgb-gl-tactile-g-keys-white-920-011354/,2026-06-30,2026-08-05
Tecnosmart,Ecuador,USD,PERIFERICO,Teclado Klip Xtreme Kbk-250 Ergonomico Usb Español,klipxtreme teclado kbk-250,$39.99 Inc. IVA,39.99,35.06,206.5,698.84,30.23,https://www.tecnosmart.com.ec/producto/producto-249/,2026-06-30,2026-08-05
Tecnosmart,Ecuador,USD,PERIFERICO,TECLADO STEELSERIES APEX 9 MINI 60% – OPTICAL SWITCHES RGB – DOUBLE SHOT PBT – BLACK,sin_clasificar,$166.99 Inc. IVA,166.99,146.41,862.32,2918.22,126.22,https://www.tecnosmart.com.ec/producto/producto-244/,2026-06-30,2026-08-05
Tecnosmart,Ecuador,USD,PERIFERICO,TECLADO STEELSERIES APEX 7 TKL – MECANICO SWITCH RED RGB LINEAR – 100% ANTIGHOSTING – PC/MAC/XBOX ONE – BLACK,sin_clasificar,$132.99 Inc. IVA,132.99,116.6,686.75,2324.05,100.52,https://www.tecnosmart.com.ec/producto/producto-243/,2026-06-30,2026-08-05
Tecnosmart,Ecuador,USD,PERIFERICO,TECLADO STEELSERIES APEX 7 – MECANICO SWITCH RED LINEAR RGB – 100% ANTIGHOSTING – PC/MAC/XBOX ONE – BLACK,sin_clasificar,$140.99 Inc. IVA,140.99,123.61,728.06,2463.86,106.57,https://www.tecnosmart.com.ec/producto/producto-242/,2026-06-30,2026-08-05
Tecnosmart,Ecuador,USD,PERIFERICO,TECLADO MECANICO QUASAD QKM-G80 – RETROILUMINADO 9 MODOS – BLACK,quasad teclado qkm-g80,$29.99 Inc. IVA,29.99,26.29,154.87,524.09,22.67,https://www.tecnosmart.com.ec/producto/producto-240/,2026-06-30,2026-08-05
Tecnosmart,Ecuador,USD,PERIFERICO,TECLADO MECANICO RAZER BLACKWIDOW V4 X 75% – RAZER CHROMA™ RGB – ABS – ORANGE LINEAL – BLACK (RZ03-05000200-R3U1),sin_clasificar,$235.99 Inc. IVA,235.99,206.9,1218.63,4124.02,178.38,https://www.tecnosmart.com.ec/producto/producto-238/,2026-06-30,2026-08-05
Tecnosmart,Ecuador,USD,PERIFERICO,TECLADO REDRAGON GAMER ARTEMIS PRO K719GF-RGB-PRO WIRELESS – CON PANTALLA LCD – WHITE/BLACK,redragon teclado k719gf-,$96.99 Inc. IVA,96.99,85.03,500.85,1694.94,73.31,https://www.tecnosmart.com.ec/producto/producto-232/,2026-06-30,2026-08-05
Tecnosmart,Ecuador,USD,PERIFERICO,KIT DE TECLADO Y MOUSE LOGITECH MK250 COMPACT – WIRELESS/BLUETOOTH – BLACK (920-013513),logitech combo mk250,$35.99 Inc. IVA,35.99,31.55,185.85,628.94,27.2,https://www.tecnosmart.com.ec/producto/producto-67/,2026-06-30,2026-08-05
Tecnosmart,Ecuador,USD,PERIFERICO,COMBO XTRATECH XT-KB277 TECLADO Y MOUSE INALAMBRICO,xtratech combo xt-kb277,$11.99 Inc. IVA,11.99,10.51,61.92,209.53,9.06,https://www.tecnosmart.com.ec/producto/producto-53/,2026-06-30,2026-08-05
Tecnosmart,Ecuador,USD,PERIFERICO,COMBO TECLADO Y MOUSE UNNO TEKNO KLASS USB BLACK – ESPAÑOL,sin_clasificar,$11.99 Inc. IVA,11.99,10.51,61.92,209.53,9.06,https://www.tecnosmart.com.ec/producto/producto-52/,2026-06-30,2026-08-05
Tecnosmart,Ecuador,USD,PERIFERICO,COMBO TECLADO – MOUSE MULT. QUASAD QC-4400U Flat Keybcaps Black,quasad combo qc-4400u,$11.99 Inc. IVA,11.99,10.51,61.92,209.53,9.06,https://www.tecnosmart.com.ec/producto/producto-49/,2026-06-30,2026-08-05
Tecnosmart,Ecuador,USD,PERIFERICO,TECLADO MECANICO REDRAGON EISA K686 – WIRELESS/BLUETOOTH/USB-C – KEYCAPS PREMIUM PBT – RGB CHROMA – 100% ANTI-GHOSTING – LINEAL RED – BLACK/WHITE/RED (K686AK-RGB-PRO),redragon teclado k686,$90.99 Inc. IVA,90.99,79.77,469.86,1590.09,68.78,https://www.tecnosmart.com.ec/producto/teclado-mecanico-redragon-eisa-k686-wireless-bluetooth-usb-c-keycaps-premium-pbt-rgb-chroma-100-anti-ghosting-lineal-red-black-white-red-k686ak-rgb-pro/,2026-06-30,2026-08-05
Tecnosmart,Ecuador,USD,PERIFERICO,TECLADO MECANICO REDRAGON K621 HORUS TKL – WIRELESS – BLUETOOTH 5.0 – RGB CHROMA – 100% ANTI-GHOSTING – BLACK (K621-RGB SP-RED),redragon teclado k621,$88.99 Inc. IVA,88.99,78.02,459.54,1555.14,67.26,https://www.tecnosmart.com.ec/producto/teclado-mecanico-k621-rgb-sp-wireless-tkl-bluetooth-5-0-rgb-chroma-100-anti-ghosting-black/,2026-06-30,2026-08-05
Tecnosmart,Ecuador,USD,PERIFERICO,TECLADO MECANICO GAMING MARVO KG962-WHITE-R – 60% SWITCH RED – ANTI-GHOSTING – CABLE TYPE C DESMONTABLE – WHITE,marvo teclado kg962-,$37.99 Inc. IVA,37.99,33.31,196.18,663.89,28.72,https://www.tecnosmart.com.ec/producto/teclado-mecanico-gaming-marvo-kg962-white-r-60-switch-red-anti-ghosting-cable-type-c-desmontable-white/,2026-06-30,2026-08-05
Tecnosmart,Ecuador,USD,PERIFERICO,Teclado Genius Smart KB-100 – USB Español,genius teclado kb-100,$7.99 Inc. IVA,7.99,7.01,41.26,139.63,6.04,https://www.tecnosmart.com.ec/producto/teclado-genius-smart-kb-100-usb-espanol/,2026-06-30,2026-08-05
Tecnosmart,Ecuador,USD,PERIFERICO,"Teclado Genius KB-116 – Alambrico – USB, Black",genius teclado kb-116,$7.99 Inc. IVA,7.99,7.01,41.26,139.63,6.04,https://www.tecnosmart.com.ec/producto/teclado-genius-kb-116-alambrico-usb-black/,2026-06-30,2026-08-05
Tecnosmart,Ecuador,USD,PERIFERICO,TECLADO REDRAGON SHIVA K512RGB-SP – MEMBRANA – RGB – REPOSAMUÑECAS MAGNETICO – BLACK,redragon teclado k512rgb-sp,$33.99 Inc. IVA,33.99,29.8,175.52,593.99,25.69,https://www.tecnosmart.com.ec/producto/teclado-redragon-shiva-k512rgb-sp-membrana-rgb-reposamunecas-magnetico-black/,2026-06-30,2026-08-05
Tecnosmart,Ecuador,USD,PERIFERICO,TECLADO REDRAGON KUMARA K552W-RGB SPS-RED – MECANICO TKL – US – DUST-PROOF RED – WHITE,redragon teclado k552w-,$49.99 Inc. IVA,49.99,43.83,258.14,873.6,37.79,https://www.tecnosmart.com.ec/producto/teclado-redragon-kumara-k552w-rgb-sps-red-mecanico-tkl-us-dust-proof-red-white/,2026-06-30,2026-08-05
Tecnosmart,Ecuador,USD,PERIFERICO,TECLADO PRIMUS GAMING BALLISTA90T EDITION STAR WARS MANDALORIAN – MECHANICAL – ANTI-GHOSTING – LINEAR Y SILENT – SWITCH RED (PKS-S092ML-S),primus teclado ballista90t,$74.99 Inc. IVA,74.99,65.75,387.24,1310.48,56.68,https://www.tecnosmart.com.ec/producto/teclado-primus-gaming-ballista90t-edition-star-wars-mandalorian-mechanical-anti-ghosting-linear-y-silent-switch-red-pks-s092ml-s/,2026-06-30,2026-08-05
Tecnosmart,Ecuador,USD,PERIFERICO,TECLADO PERZONALIZABLE CORSAIR ELGATO STREAM DECK+ 8 TECLAS LCD – USB-C – BLACK (10GBD9901),sin_clasificar,$277.99 Inc. IVA,277.99,243.72,1435.51,4857.99,210.12,https://www.tecnosmart.com.ec/producto/teclado-perzonalizable-corsair-elgato-stream-deck-8-teclas-lcd-usb-c-black-10gbd9901/,2026-06-30,2026-08-05
Tecnosmart,Ecuador,USD,PERIFERICO,TECLADO MEETION MT-DIRECTOR – WIRELESS – ERGONOMICO – BLACK,sin_clasificar,$47.99 Inc. IVA,47.99,42.07,247.82,838.64,36.27,https://www.tecnosmart.com.ec/producto/teclado-meetion-mt-director-wireless-ergonomico-black/,2026-06-30,2026-08-05
Tecnosmart,Ecuador,USD,PERIFERICO,TECLADO MECANICO REDRAGON HORUS TKL K621W-RGB-SP WIRELESS – BLUETOOTH/DONGLE RF USB,redragon teclado k621w-,$78.99 Inc. IVA,78.99,69.25,407.9,1380.38,59.71,https://www.tecnosmart.com.ec/producto/teclado-mecanico-redragon-horus-tkl-k621w-rgb-sp-wireless-bluetooth-dongle-rf-usb/,2026-06-30,2026-08-05
Tecnosmart,Ecuador,USD,PERIFERICO,TECLADO MECANICO REDRAGON DEIMOS K599-KRS – TKL 70% – WIRELESS/WIRED – RGB CHROMA – SWITCH LINEAR – 45 GR – BLACK,redragon teclado k599-krs,$67.99 Inc. IVA,67.99,59.61,351.09,1188.15,51.39,https://www.tecnosmart.com.ec/producto/teclado-mecanico-redragon-deimos-k599-krs-tkl-70-wireless-wired-rgb-chroma-switch-linear-45-gr-black/,2026-06-30,2026-08-05
Tecnosmart,Ecuador,USD,PERIFERICO,"TECLADO MECANICO HYPERX ORIGINS 60% RGB – SWITCH LINEAR – 100% ANTI-GHOSTING – COMPATIBLE PS5™, PS4™, XBOX SERIES X|S™, XBOX ONE™ – BLACK (4P5N4AA)",sin_clasificar,$76.99 Inc. IVA,76.99,67.5,397.57,1345.43,58.19,https://www.tecnosmart.com.ec/producto/teclado-mecanico-hyperx-origins-60-rgb-switch-linear-100-anti-ghosting-compatible-ps5-ps4-xbox-series-xs-xbox-one-black-4p5n4aa/,2026-06-30,2026-08-05
Tecnosmart,Ecuador,USD,PERIFERICO,"TECLADO MECANICO HYPERX ALLOY ELITE 2 – RGB SWITCH ROJO – 100 % ANTI-GHOST – COMPATIBLE PS5™, PS4™, XBOX SERIES X|S™, XBOX ONE™ – BLACK (4P5N3AI#AC8)",sin_clasificar,$156.99 Inc. IVA,156.99,137.64,810.68,2743.46,118.66,https://www.tecnosmart.com.ec/producto/teclado-mecanico-hyperx-alloy-elite-2-rgb-switch-rojo-100-anti-ghost-compatible-ps5-ps4-xbox-series-xs-xbox-one-black-4p5n3aiac8/,2026-06-30,2026-08-05
Tecnosmart,Ecuador,USD,PERIFERICO,TECLADO MECANICO HORUS K618-RGB-SP – WIRELESS – RGB CHROMA FPS – BLUETOOTH 5.0 – 100% ANTI-GHOSTING – BLACK,sin_clasificar,$94.99 Inc. IVA,94.99,83.28,490.52,1659.99,71.8,https://www.tecnosmart.com.ec/producto/teclado-mecanico-horus-k618-rgb-sp-wireless-rgb-chroma-fps-bluetooth-5-0-100-anti-ghosting-black/,2026-06-30,2026-08-05
Tecnosmart,Ecuador,USD,PERIFERICO,TECLADO MECANICO GAMING MARVO KG962 – 60% SWITCH RED – ANTI-GHOSTING – CABLE TYPE C DESMONTABLE – BLACK,marvo teclado kg962,$37.99 Inc. IVA,37.99,33.31,196.18,663.89,28.72,https://www.tecnosmart.com.ec/producto/teclado-mecanico-gaming-marvo-kg962-60-switch-red-anti-ghosting-cable-type-c-desmontable-black/,2026-06-30,2026-08-05
Tecnosmart,Ecuador,USD,PERIFERICO,TECLADO MECANICO GAMING EVIL 772EG – RAINBOW – 670G – SWITCH BLUE – USB – BLACK (KB-772EG),sin_clasificar,$27.99 Inc. IVA,27.99,24.54,144.54,489.14,21.16,https://www.tecnosmart.com.ec/producto/teclado-mecanico-gaming-evil-772eg-rainbow-670g-switch-blue-usb-black-kb-772eg/,2026-06-30,2026-08-05
Tecnosmart,Ecuador,USD,PERIFERICO,TECLADO MECANICO GAMING COUGAR LUXLIM – LOW PROFILE – SWITCH RED – USB – BLACK,sin_clasificar,$122.99 Inc. IVA,122.99,107.83,635.11,2149.3,92.96,https://www.tecnosmart.com.ec/producto/teclado-mecanico-gaming-cougar-luxlim-low-profile-switch-red-usb-black/,2026-06-30,2026-08-05
Tecnosmart,Ecuador,USD,PERIFERICO,TECLADO MARVO KG980A TKL MECHANICAL RGB – USB 2.0 – BLACK,marvo teclado kg980a,$51.99 Inc. IVA,51.99,45.58,268.47,908.55,39.3,https://www.tecnosmart.com.ec/producto/teclado-marvo-kg980a-tkl-mechanical-rgb-usb-2-0-black/,2026-06-30,2026-08-05
Tecnosmart,Ecuador,USD,PERIFERICO,TECLADO MARVO KG962-B – 60% RGB – 100% ANTI-GHOSTING – USB TYPE-C – SWITCH BLUE – BLACK,marvo teclado kg962-b,$35.99 Inc. IVA,35.99,31.55,185.85,628.94,27.2,https://www.tecnosmart.com.ec/producto/teclado-marvo-kg962-b-60-rgb-100-anti-ghosting-usb-type-c-switch-blue-black/,2026-06-30,2026-08-05
Tecnosmart,Ecuador,USD,PERIFERICO,TECLADO GENIUS KB-100X – ALAMBRICO – USB – ESPAÑOL,genius teclado kb-100x,$7.99 Inc. IVA,7.99,7.01,41.26,139.63,6.04,https://www.tecnosmart.com.ec/producto/teclado-genius-kb-100x-alambrico-usb-espanol/,2026-06-30,2026-08-05
Tecnosmart,Ecuador,USD,PERIFERICO,COMBO TECLADO Y MOUSE GENIUS Q8000 WIRELESS – 12 FN KEYS – PLUG AND PLAY – BLACK,genius combo q8000,$17.99 Inc. IVA,17.99,15.77,92.9,314.38,13.6,https://www.tecnosmart.com.ec/producto/combo-teclado-y-mouse-genius-q8000-wireless-12-fn-keys-plug-and-play-black/,2026-06-30,2026-08-05
Tecnosmart,Ecuador,USD,PERIFERICO,MOUSE ASUS TUF GAMING M4 WIRELESS/BLUETOOTH – 12000 DPI – 6 BOTONES – BLACK (-B0UA00),sin_clasificar,$49.99 Inc. IVA,49.99,43.83,258.14,873.6,37.79,https://www.tecnosmart.com.ec/producto/mouse-asus-tuf-gaming-m4-wireless-bluetooth-12000-dpi-6-botones-black-b0ua00/,2026-06-30,2026-08-05
Tecnosmart,Ecuador,USD,PERIFERICO,MOUSE MSI VERSA 300 WIRELESS – 8000DPI – BLUETOOTH – 60G – WHITE,msi mouse 8000dpi,$29.99 Inc. IVA,29.99,26.29,154.87,524.09,22.67,https://www.tecnosmart.com.ec/producto/mouse-msi-versa-300-wireless-8000dpi-bluetooth-60g-white/,2026-06-30,2026-08-05
Tecnosmart,Ecuador,USD,PERIFERICO,MOUSE MSI FORGE GM320 RGB – 12800DPI – 7 BOTONES – SENSOR OPTICAL – USB 2.0 – BLACK,msi mouse 12800dpi,$17.99 Inc. IVA,17.99,15.77,92.9,314.38,13.6,https://www.tecnosmart.com.ec/producto/mouse-msi-forge-gm320-rgb-12800dpi-7-botones-sensor-optical-usb-2-0-black/,2026-06-30,2026-08-05
Tecnosmart,Ecuador,USD,PERIFERICO,MOUSE MSI FORGE GM300 – 7200DPI – 7 BOTONES – RGB – BLACK,msi mouse 7200dpi,$13.99 Inc. IVA,13.99,12.27,72.24,244.48,10.57,https://www.tecnosmart.com.ec/producto/mouse-msi-forge-gm300-7200dpi-7-botones-rgb-black/,2026-06-30,2026-08-05
Tecnosmart,Ecuador,USD,PERIFERICO,MOUSE LENOVO 300 USB – 1600DPI – BLACK,lenovo mouse 1600dpi,$6.99 Inc. IVA,6.99,6.13,36.1,122.15,5.28,https://www.tecnosmart.com.ec/producto/mouse-lenovo-300-usb-1600dpi-black/,2026-06-30,2026-08-05
Tecnosmart,Ecuador,USD,PERIFERICO,MOUSE LENOVO ESSENTIAL USB – DISEÑO AMBIDEXTRO – 1600DPI – BLACK (4Y50R20863),lenovo mouse 1600dpi,$10.99 Inc. IVA,10.99,9.64,56.75,192.05,8.31,https://www.tecnosmart.com.ec/producto/mouse-lenovo-essential-usb-diseno-ambidextro-1600dpi-black-4y50r20863/,2026-06-30,2026-08-05
Tecnosmart,Ecuador,USD,PERIFERICO,MOUSE RAZER BASILISK V3 35K – RGB – 750IPS – 70G – OPTICAL – 11 BOTONES – BLACK (RZ01-05230100-R3U1),razer mouse 750ips,$74.99 Inc. IVA,74.99,65.75,387.24,1310.48,56.68,https://www.tecnosmart.com.ec/producto/mouse-razer-basilisk-v3-35k-rgb-750ips-70g-optical-11-botones-black-rz01-05230100-r3u1/,2026-06-30,2026-08-05
Tecnosmart,Ecuador,USD,PERIFERICO,MOUSE RAZER COBRA CHROMA™ RGB GENGAR EDITION – 58G – 8500DPI – 6 BOTONES PROGRAMABLES – 300IPS – BLACK (RZ01-04650700-R3M1),razer mouse 8500dpi,$82.99 Inc. IVA,82.99,72.76,428.55,1450.28,62.73,https://www.tecnosmart.com.ec/producto/mouse-razer-cobra-chroma-rgb-gengar-edition-58g-8500dpi-6-botones-programables-300ips-black-rz01-04650700-r3m1/,2026-06-30,2026-08-05
Tecnosmart,Ecuador,USD,PERIFERICO,Mouse Primus Gladius DM100 RBG – INALÁMBRICO/ALÁMBRICO – 10000DPI – 6 BOTONES – 20G – 100IPS – WHITE/BLACK (PMO-W203),primus mouse 10000dpi,$31.99 Inc. IVA,31.99,28.05,165.19,559.04,24.18,https://www.tecnosmart.com.ec/producto/mouse-primus-pmo-w203/,2026-06-30,2026-08-05
Tecnosmart,Ecuador,USD,PERIFERICO,MOUSE LOGITECH MX MASTER 3S BLUETOOTH EDITION – ERGONOMICO – 7 BOTONES – 8000DPI – GRAFITO (910-007502),logitech mouse 8000dpi,$126.99 Inc. IVA,126.99,111.34,655.76,2219.2,95.99,https://www.tecnosmart.com.ec/producto/mouse-logitech-mx-master-3s-bluetooth-edition-ergonomico-7-botones-8000dpi-grafito-910-007502/,2026-06-30,2026-08-05
Tecnosmart,Ecuador,USD,PERIFERICO,MOUSE GAMDIAS AURA GS3 RGB – 6 BOTONES – 3600DPI – BLACK,gamdias mouse 3600dpi,$6.99 Inc. IVA,6.99,6.13,36.1,122.15,5.28,https://www.tecnosmart.com.ec/producto/mouse-gamdias-aura-gs3-rgb-black/,2026-06-30,2026-08-05
Tecnosmart,Ecuador,USD,PERIFERICO,MOUSE RAZER GAMER NAGA V2 HYPERSPEED WIRELESS – 19 BOTONES PROGRAMABLES -30K – HASTA 400HRS – HYPERSCROLL – BLACK,razer mouse 400hrs,$92.99 Inc. IVA,92.99,81.53,480.19,1625.04,70.29,https://www.tecnosmart.com.ec/producto/producto-101/,2026-06-30,2026-08-05
Tecnosmart,Ecuador,USD,PERIFERICO,MOUSE LOGITECH M110 SILENT – WIRED – FULL SIZE – BLACK (910-006756),logitech mouse m110,$9.99 Inc. IVA,9.99,8.76,51.59,174.58,7.55,https://www.tecnosmart.com.ec/producto/producto-95/,2026-06-30,2026-08-05
Tecnosmart,Ecuador,USD,PERIFERICO,Mouse Lenovo Legion M200 RGB – 6 botones – USB,lenovo mouse m200,$29.99 Inc. IVA,29.99,26.29,154.87,524.09,22.67,https://www.tecnosmart.com.ec/producto/mouse-lenovo-legion-m200-rgb-6-botones-usb/,2026-06-30,2026-08-05
Tecnosmart,Ecuador,USD,PERIFERICO,MOUSE GAMING EDITION STAR WARS MANDALORIAN – 11 BOTONES – 12400DPI – SENSOR OPTICO – CAFE (PMO-S202ML),sin_clasificar,$37.99 Inc. IVA,37.99,33.31,196.18,663.89,28.72,https://www.tecnosmart.com.ec/producto/mouse-gaming-edition-star-wars-mandalorian-11-botones-12400dpi-sensor-optico-cafe-pmo-s202ml/,2026-06-30,2026-08-05
Tecnosmart,Ecuador,USD,PERIFERICO,MOUSE KLIP XTREME OPTICAL LITEGLIDER – USB + PS/2 ADAPTER (KMO-102),sin_clasificar,$8.99 Inc. IVA,8.99,7.88,46.42,157.1,6.8,https://www.tecnosmart.com.ec/producto/mouse-klip-xtreme-optical-liteglider-usb-ps-2-adapter-kmo-102/,2026-06-30,2026-08-05
Tecnosmart,Ecuador,USD,PERIFERICO,MOUSE GAMING MEETION HERA MT-G3330 RGB LED – 9 BOTONES – 8000DPI – USB – BLACK,meetion mouse mt-g3330,$45.99 Inc. IVA,45.99,40.32,237.49,803.69,34.76,https://www.tecnosmart.com.ec/producto/mouse-gaming-meetion-hera-mt-g3330-rgb-led-9-botones-8000dpi-usb-black/,2026-06-30,2026-08-05
Tecnosmart,Ecuador,USD,PERIFERICO,MOUSE GAMING HADES MEETION PRO MT-G3325 RGB COLORFUL – 8 BOTONES – 5000DPI – BLACK,meetion mouse mt-g3325,$35.99 Inc. IVA,35.99,31.55,185.85,628.94,27.2,https://www.tecnosmart.com.ec/producto/mouse-gaming-hades-meetion-pro-mt-g3325-rgb-colorful-8-botones-5000dpi-black/,2026-06-30,2026-08-05
Tecnosmart,Ecuador,USD,PERIFERICO,Mouse Glorious Model D – Matte White (GD-White),sin_clasificar,$61.99 Inc. IVA,61.99,54.35,320.11,1083.3,46.86,https://www.tecnosmart.com.ec/producto/mouse-glorious-model-d-matte-white-gd-white/,2026-06-30,2026-08-05
Tecnosmart,Ecuador,USD,PERIFERICO,Mouse Cougar Minos XT – Black (3MMXTWOB.0001),sin_clasificar,$29.99 Inc. IVA,29.99,26.29,154.87,524.09,22.67,https://www.tecnosmart.com.ec/producto/mouse-cougar-minos-xt-black-3mmxtwob-0001/,2026-06-30,2026-08-05
Tecnosmart,Ecuador,USD,PERIFERICO,Mouse Glorious Model D – (D Minus) Matte White – (GLO-MS-DM-MW),sin_clasificar,$75.99 Inc. IVA,75.99,66.62,392.4,1327.96,57.44,https://www.tecnosmart.com.ec/producto/mouse-glorious-model-d-61g-d-minus-glo-ms-dm-mw-matte-white/,2026-06-30,2026-08-05
Tecnosmart,Ecuador,USD,PERIFERICO,Mouse HP Omen 600,sin_clasificar,$31.99 Inc. IVA,31.99,28.05,165.19,559.04,24.18,https://www.tecnosmart.com.ec/producto/mouse-hp-omen-600/,2026-06-30,2026-08-05
Tecnosmart,Ecuador,USD,PERIFERICO,Mouse Cooler Master MM711 Blue,coolermaster mouse mm711,$80.99 Inc. IVA,80.99,71.01,418.22,1415.33,61.22,https://www.tecnosmart.com.ec/producto/mouse-cooler-master-mm711-blue/,2026-06-30,2026-08-05
Tecnosmart,Ecuador,USD,PERIFERICO,Mouse Quasad QM-G10,quasad mouse qm-g10,$17.99 Inc. IVA,17.99,15.77,92.9,314.38,13.6,https://www.tecnosmart.com.ec/producto/mouse-quasad-qm-g10/,2026-06-30,2026-08-05
Tecnosmart,Ecuador,USD,PERIFERICO,Mouse Inalambrico Asus ROG Spatha X – (90MP0220-BMUA00),sin_clasificar,$221.99 Inc. IVA,221.99,194.63,1146.33,3879.36,167.8,https://www.tecnosmart.com.ec/producto/mouse-asus-p707-rog-spatha-x-wireless-aura-sync-19000dpi-black-90mp0220-bmua00/,2026-06-30,2026-08-05
Tecnosmart,Ecuador,USD,PERIFERICO,MOUSE LOGITECH M196 BLUETOOTH – 1000 DPI – BATERÍA AA – ROSE (910-007458),logitech mouse m196,$13.99 Inc. IVA,13.99,12.27,72.24,244.48,10.57,https://www.tecnosmart.com.ec/producto/mouse-logitech-m196-bluetooth-1000-dpi-bateria-aa-rose-910-007458/,2026-06-30,2026-08-05
Tecnosmart,Ecuador,USD,PERIFERICO,MOUSE LOGITECH G PRO 2 LIGHTSPEED RGB WIRELESS – 44000DPI – >888 IPS – 1MS – 80G – BLACK (910-007246),logitech mouse 44000dpi,$164.99 Inc. IVA,164.99,144.65,851.99,2883.27,124.71,https://www.tecnosmart.com.ec/producto/mouse-logitech-g-pro-2-lightspeed-rgb-wireless-44000dpi-888-ips-1ms-80g-black-910-007246/,2026-06-30,2026-08-05
Tecnosmart,Ecuador,USD,PERIFERICO,MOUSE LOGITECH GAMING G PRO X SUPERLIGHT 2 LIGHTSPEED WIRELESS/USB CONNECTIVITY – 32000DPI – 0.5 RESPONSE TIME – 5 BOTONES – WHITE (910-006636),logitech mouse 32000dpi,$197.99 Inc. IVA,197.99,173.58,1022.4,3459.95,149.65,https://www.tecnosmart.com.ec/producto/mouse-logitech-gaming-g-pro-x-superlight-2-lightspeed-wireless-usb-connectivity-32000dpi-0-5-response-time-5-botones-white-910-006636/,2026-06-30,2026-08-05
Tecnosmart,Ecuador,USD,PERIFERICO,MOUSE LOGITECH GAMING G PRO X SUPERLIGHT 2 LIGHTSPEED WIRELESS/USB CONNECTIVITY – 32000DPI – 0.5 RESPONSE TIME – 5 BOTONES – BLACK (910-006628),logitech mouse 32000dpi,$174.99 Inc. IVA,174.99,153.42,903.63,3058.02,132.27,https://www.tecnosmart.com.ec/producto/mouse-logitech-gaming-g-pro-x-superlight-2-lightspeed-wireless-usb-connectivity-32000dpi-0-5-response-time-5-botones-black-910-006628/,2026-06-30,2026-08-05
Tecnosmart,Ecuador,USD,PERIFERICO,MOUSE LOGITECH G PRO LIGHTSPEED RGB Inalambrico – 25600DPI – BLACK (910-005271),logitech mouse 25600dpi,$130.99 Inc. IVA,130.99,114.84,676.42,2289.1,99.01,https://www.tecnosmart.com.ec/producto/mouse-logitech-g-pro-lightspeed-rgb-inalambrico-25600dpi-black-910-005271/,2026-06-30,2026-08-05
Tecnosmart,Ecuador,USD,PERIFERICO,Mouse Speedmind SMMOU01 Compacto USB,sin_clasificar,$6.99 Inc. IVA,6.99,6.13,36.1,122.15,5.28,https://www.tecnosmart.com.ec/producto/producto-169/,2026-06-30,2026-08-05
Tecnosmart,Ecuador,USD,PERIFERICO,MOUSE RAZER DEATHADDER V3 ERGONOMIC – 8K HZ 30K SENSOR – 59G – BLACK (RZ01-04640100-R3U1),razer mouse 30k,$88.99 Inc. IVA,88.99,78.02,459.54,1555.14,67.26,https://www.tecnosmart.com.ec/producto/producto-100/,2026-06-30,2026-08-05
Tecnosmart,Ecuador,USD,PERIFERICO,MOUSE RAZER COBRA CHROMA™ RGB – 58G – 8500 DPI – BLACK (RZ01-04650100-R3U1),razer mouse 58g,$45.99 Inc. IVA,45.99,40.32,237.49,803.69,34.76,https://www.tecnosmart.com.ec/producto/producto-99/,2026-06-30,2026-08-05
Tecnosmart,Ecuador,USD,PERIFERICO,MOUSE LOGITECH M240 WIRELESS BLUETOOTH – 4000 DPI – SILENT – GRAFITO (910-007113),logitech mouse m240,$19.99 Inc. IVA,19.99,17.53,103.23,349.33,15.11,https://www.tecnosmart.com.ec/producto/producto-97/,2026-06-30,2026-08-05
Tecnosmart,Ecuador,USD,PERIFERICO,MOUSE LOGITECH GAMING G309 LIGHTSPEED/BLUETOOTH – BATERIA AA – 25600DPI – WHITE (910-007205),logitech mouse 25600dpi,$94.99 Inc. IVA,94.99,83.28,490.52,1659.99,71.8,https://www.tecnosmart.com.ec/producto/mouse-logitech-gaming-g309-lightspeed-bluetooth-bateria-aa-25600dpi-white-910-007205/,2026-06-30,2026-08-05
Tecnosmart,Ecuador,USD,PERIFERICO,MOUSE LOGITECH GAMING G309 LIGHTSPEED/BLUETOOTH – BATERIA AA – 25600DPI – BLACK (910-007197),logitech mouse 25600dpi,$90.99 Inc. IVA,90.99,79.77,469.86,1590.09,68.78,https://www.tecnosmart.com.ec/producto/mouse-logitech-gaming-g309-lightspeed-bluetooth-bateria-aa-25600dpi-black-910-007197/,2026-06-30,2026-08-05
Tecnosmart,Ecuador,USD,PERIFERICO,MOUSE LOGITECH PEBBLE M350 WIRELESS USB BLUETOOTH SILENCIOSO – ALMOND MILK (910-006658),logitech mouse m350,$23.99 Inc. IVA,23.99,21.03,123.88,419.23,18.13,https://www.tecnosmart.com.ec/producto/mouse-logitech-pebble-m350-wireless-usb-bluetooth-silencioso-almond-milk-910-006658/,2026-06-30,2026-08-05
Tecnosmart,Ecuador,USD,PERIFERICO,MOUSE LOGITECH M110S SILENT BLUE ALAMBRICO – DISENO AMBIDIESTRO – USB (910-006662),logitech mouse m110s,$9.99 Inc. IVA,9.99,8.76,51.59,174.58,7.55,https://www.tecnosmart.com.ec/producto/mouse-logitech-m110s-silent-blue-alambrico-diseno-ambidiestro-usb-910-006662/,2026-06-30,2026-08-05
Tecnosmart,Ecuador,USD,PERIFERICO,MOUSE HYPERX PULSEFIRE HASTE 2 – 26000DPI – ULTRA-LIGH – WIRED – RGB – 52G – BLACK (6N0A7AA),hyperx mouse 26000dpi,$39.99 Inc. IVA,39.99,35.06,206.5,698.84,30.23,https://www.tecnosmart.com.ec/producto/mouse-hyperx-pulsefire-haste-2-26000dpi-ultra-ligh-wired-rgb-52g-black-6n0a7aa/,2026-06-30,2026-08-05
Tecnosmart,Ecuador,USD,PERIFERICO,MOUSE CORSAIR M65 RGB ULTRA – WIRED – OPTICAL – 8 BOTONES – 26000DPI PESO AJUSTABLE – 2 ZONE RGB – BLACK (CH-9309411-NA2),corsair mouse 26000dpi,$78.99 Inc. IVA,78.99,69.25,407.9,1380.38,59.71,https://www.tecnosmart.com.ec/producto/mouse-corsair-m65-rgb-ultra-wired-optical-8-botones-26000dpi-peso-ajustable-2-zone-rgb-black-ch-9309411-na2/,2026-06-30,2026-08-05
Tecnosmart,Ecuador,USD,PERIFERICO,COMBO TECLADO Y MOUSE HP 235 – ALAMBRICO – USB-A – BLACK (1Y4D0AA#ABM),sin_clasificar,$33.99 Inc. IVA,33.99,29.8,175.52,593.99,25.69,https://www.tecnosmart.com.ec/producto/combo-teclado-y-mouse-hp-235-alambrico-usb-a-black-1y4d0aaabm/,2026-06-30,2026-08-05
Tecnosmart,Ecuador,USD,PERIFERICO,COMBO TECLADO Y MOUSE GENIUS KM-8101 WIRELESS 2.4GHZ – PLUG AND PLAY – US,genius combo km-8101,$17.99 Inc. IVA,17.99,15.77,92.9,314.38,13.6,https://www.tecnosmart.com.ec/producto/combo-teclado-y-mouse-genius-km-8101-wireless-2-4ghz-plug-and-play-us/,2026-06-30,2026-08-05
Tecnosmart,Ecuador,USD,PERIFERICO,AUDIFONOS PRIMUS ARCUS ARCUS110T STAR WARS EDITION DARK SIDE – 3.5MM – OMNIDIRECCIONAL – STEREO – 50MM – BLACK/RED (PHS-S110DS),primus audifonos arcus110t,$37.99 Inc. IVA,37.99,33.31,196.18,663.89,28.72,https://www.tecnosmart.com.ec/producto/audifonos-primus-arcus-arcus110t-star-wars-edition-dark-side-3-5mm-omnidireccional-stereo-50mm-black-red-phs-s110ds/,2026-06-30,2026-08-05
Tecnosmart,Ecuador,USD,PERIFERICO,ALMOHADILLAS DE REPUESTO PARA AUDIFONOS LOGITECH G433/G935/G533/G332 – BLACK,logitech audifonos g433,$35.99 Inc. IVA,35.99,31.55,185.85,628.94,27.2,https://www.tecnosmart.com.ec/producto/almohadillas-de-repuesto-para-audifonos-logitech-g433-g935-g533-g332-black/,2026-06-30,2026-08-05
Tecnosmart,Ecuador,USD,PERIFERICO,ALMOHADILLAS DE REPUESTO PARA AUDIFONOS LOGITECH G733 + CORREA DE REPUESTO – BLACK,logitech audifonos g733,$27.99 Inc. IVA,27.99,24.54,144.54,489.14,21.16,https://www.tecnosmart.com.ec/producto/almohadillas-de-repuesto-para-audifonos-logitech-g733-correa-de-repuesto-black/,2026-06-30,2026-08-05
Tecnosmart,Ecuador,USD,PERIFERICO,AUDIFONOS GAMING COUGAR OMNES ESSENTIAL – WIRELESS – MIC OMNIDIRECTIONAL – 53MM – BLACK (3HW50G53B.0001),cougar audifonos 53mm,$162.99 Inc. IVA,162.99,142.9,841.66,2848.32,123.2,https://www.tecnosmart.com.ec/producto/audifonos-gaming-cougar-omnes-essential-wireless-mic-omnidirectional-53mm-black-3hw50g53b-0001/,2026-06-30,2026-08-05
Tecnosmart,Ecuador,USD,PERIFERICO,Headsets Corsair HS60 HAPTIC,corsair audifonos hs60,$191.99 Inc. IVA,191.99,168.32,991.42,3355.1,145.12,https://www.tecnosmart.com.ec/producto/headsets-corsair-hs60-haptic/,2026-06-30,2026-08-05
Tecnosmart,Ecuador,USD,PERIFERICO,AUDIFONOS PRIMUS ARCUS240 EDICION STAR WARS EDITION DEATH TROOPER – BLUETOOTH – 12MM – IPX5 – BLACK (PWH-S240DT),primus audifonos arcus240,$23.99 Inc. IVA,23.99,21.03,123.88,419.23,18.13,https://www.tecnosmart.com.ec/producto/audifonos-primus-arcus240-edicion-star-wars-edition-death-trooper-bluetooth-12mm-ipx5-black-pwh-s240dt/,2026-06-30,2026-08-05
Tecnosmart,Ecuador,USD,PERIFERICO,ALMOHADILLAS DE REPUESTO PARA AUDIFONOS LOGITECH G733 – BLACK,logitech audifonos g733,$20.99 Inc. IVA,20.99,18.4,108.39,366.81,15.87,https://www.tecnosmart.com.ec/producto/almohadillas-de-repuesto-para-audifonos-logitech-g733-black/,2026-06-30,2026-08-05
Tecnosmart,Ecuador,USD,PERIFERICO,AUDIFONOS PRIMUS GAMING EDITION STAR WARS MANDALORIAN ARCUS 210 TWS – WIRELESS – OMNIDIRECCIONAL – USB TYPE C – 5 RMS – BLACK (PWH-S210ML),sin_clasificar,$55.99 Inc. IVA,55.99,49.09,289.13,978.45,42.32,https://www.tecnosmart.com.ec/producto/audifonos-primus-gaming-edition-star-wars-mandalorian-arcus-210-tws-wireless-omnidireccional-usb-type-c-5-rms-black-pwh-s210ml/,2026-06-30,2026-08-05
Tecnosmart,Ecuador,USD,PERIFERICO,AUDIFONOS KLIPXTREME JOGBUDZ II KSM-150GN – BLUETOOTH® V5.0 – PX41 – 12HRS,sin_clasificar,$19.99 Inc. IVA,19.99,17.53,103.23,349.33,15.11,https://www.tecnosmart.com.ec/producto/audifonos-klipxtreme-jogbudz-ii-ksm-150gn-bluetooth-v5-0-px41-12hrs/,2026-06-30,2026-08-05
Tecnosmart,Ecuador,USD,PERIFERICO,MICROFONO HYPERX QUADCAST – SOPORTE ANTIVIBRACION – USB – CONECTOR DE AUDIFONOS INCORPORADO – AJUSTE DE CONTROL DE GANANCIA – PARA PC/PS4- BLACK/RED (4P5P6AA),sin_clasificar,$80.99 Inc. IVA,80.99,71.01,418.22,1415.33,61.22,https://www.tecnosmart.com.ec/producto/microfono-hyperx-quadcast-soporte-antivibracion-usb-conector-de-audifonos-incorporado-ajuste-de-control-de-ganancia-para-pc-ps4-black-red-4p5p6aa/,2026-06-30,2026-08-05
Tecnosmart,Ecuador,USD,PERIFERICO,"Combo Marvo CM370: Teclado, Mouse, Audifonos y Pad",marvo combo cm370,$17.99 Inc. IVA,17.99,15.77,92.9,314.38,13.6,https://www.tecnosmart.com.ec/producto/combo-marvo-cm370-4-en-1-tecladomousemousepadaudifono/,2026-06-30,2026-08-05
Tecnosmart,Ecuador,USD,PERIFERICO,Stand para audifonos Cougar Bunker S,sin_clasificar,$40.99 Inc. IVA,40.99,35.94,211.67,716.32,30.98,https://www.tecnosmart.com.ec/producto/stand-cougar-bunker-s-para-audifonos/,2026-06-30,2026-08-05
Tecnosmart,Ecuador,USD,PERIFERICO,"Combo Marvo CM409: Teclado, Mouse, Audifonos y Pad",marvo combo cm409,$23.99 Inc. IVA,23.99,21.03,123.88,419.23,18.13,https://www.tecnosmart.com.ec/producto/combo-marvo-cm409-4-en-1-tecladomousemousepadaudifono/,2026-06-30,2026-08-05
Tecnosmart,Ecuador,USD,PERIFERICO,"Combo Quasad: Teclado, Mouse, Audifonos y Pad",sin_clasificar,$53.99 Inc. IVA,53.99,47.33,278.8,943.5,40.81,https://www.tecnosmart.com.ec/producto/bundle-quasad-4-en-1-mouse-teclado-mouse-pad-headset-gaming/,2026-06-30,2026-08-05
Tecnosmart,Ecuador,USD,PERIFERICO,Headsets Logitech H111,logitech audifonos h111,$24.99 Inc. IVA,24.99,21.91,129.05,436.71,18.89,https://www.tecnosmart.com.ec/producto/producto-66/,2026-06-30,2026-08-05
Tecnosmart,Ecuador,USD,PERIFERICO,Headsets Meetion MT-HP010,meetion audifonos mt-hp010,$20.99 Inc. IVA,20.99,18.4,108.39,366.81,15.87,https://www.tecnosmart.com.ec/producto/headsets-meetion-mt-hp010/,2026-06-30,2026-08-05
Tecnosmart,Ecuador,USD,PERIFERICO,Headsets Cooler Master CH321,coolermaster audifonos ch321,$59.99 Inc. IVA,59.99,52.6,309.78,1048.35,45.34,https://www.tecnosmart.com.ec/producto/headsets-cooler-master-ch321/,2026-06-30,2026-08-05
Tecnosmart,Ecuador,USD,PERIFERICO,Base para headsets Corsair ST50 Premium,corsair audifonos st50,$47.99 Inc. IVA,47.99,42.07,247.82,838.64,36.27,https://www.tecnosmart.com.ec/producto/base-para-headsets-corsair-st50-premium/,2026-06-30,2026-08-05
Tecnosmart,Ecuador,USD,PERIFERICO,Headsets HP H500GS,hp audifonos h500gs,$63.99 Inc. IVA,63.99,56.1,330.44,1118.25,48.37,https://www.tecnosmart.com.ec/producto/headset-hp-h500gs/,2026-06-30,2026-08-05
Tecnosmart,Ecuador,USD,PERIFERICO,Headsets Inalambricos Corsair Virtuoso RGB Wireless White – (CA-9011224-NA),sin_clasificar,$261.99 Inc. IVA,261.99,229.69,1352.89,4578.38,198.03,https://www.tecnosmart.com.ec/producto/headsets-corsair-virtuoso-rgb-wireless-white/,2026-06-30,2026-08-05
Tecnosmart,Ecuador,USD,PERIFERICO,Headsets Inalambricos Corsair VOID RGB Elite Wireless White – (CA-9011202-NA),sin_clasificar,$136.99 Inc. IVA,136.99,120.1,707.4,2393.96,103.55,https://www.tecnosmart.com.ec/producto/headsets-corsair-void-rgb-elite-wireless-white/,2026-06-30,2026-08-05
Tecnosmart,Ecuador,USD,PERIFERICO,Headsets Corsair VOID RGB Elite Premium Black,sin_clasificar,$128.99 Inc. IVA,128.99,113.09,666.09,2254.15,97.5,https://www.tecnosmart.com.ec/producto/headsets-corsair-void-rgb-elite-premium-black/,2026-06-30,2026-08-05
Tecnosmart,Ecuador,USD,PERIFERICO,Headsets Corsair HS45 Carbon,corsair audifonos hs45,$82.99 Inc. IVA,82.99,72.76,428.55,1450.28,62.73,https://www.tecnosmart.com.ec/producto/headsets-corsair-hs45-carbon/,2026-06-30,2026-08-05
Tecnosmart,Ecuador,USD,PERIFERICO,"Headset Audifono Logitech ASTRO A20 Inalambricos Xbox One, Green/Black (939-001557)",logitech audifonos a20,$189.99 Inc. IVA,189.99,166.57,981.09,3320.15,143.61,https://www.tecnosmart.com.ec/producto/headsets-astro-a20-black-green/,2026-06-30,2026-08-05
Tecnosmart,Ecuador,USD,PERIFERICO,Headsets Asus TUF Gaming H3 – Gunmetal,sin_clasificar,$74.99 Inc. IVA,74.99,65.75,387.24,1310.48,56.68,https://www.tecnosmart.com.ec/producto/headsets-asus-tuf-gaming-h3-gunmetal/,2026-06-30,2026-08-05
